,secID,ticker,exchangeCD,secShortName,tradeDate,listStatusCD,currencyCD,dailyReturnReinv,dailyReturnNoReinv,isChgPctl
0,300001.XSHE,300001,XSHE,特锐德,2015-02-27,S,CNY,,,0
1,300002.XSHE,300002,XSHE,神州泰岳,2015-02-27,L,CNY,0.044917,0.044917,0
2,300003.XSHE,300003,XSHE,乐普医疗,2015-02-27,L,CNY,0.012727,0.012727,0
3,300004.XSHE,300004,XSHE,南风股份,2015-02-27,L,CNY,0.009386,0.009386,0
4,300005.XSHE,300005,XSHE,探路者,2015-02-27,L,CNY,0.012406,0.012406,0
5,300006.XSHE,300006,XSHE,莱美药业,2015-02-27,L,CNY,0.003159,0.003159,0
6,300007.XSHE,300007,XSHE,汉威科技,2015-02-27,L,CNY,-0.005026,-0.005026,0
7,300008.XSHE,300008,XSHE,天海防务,2015-02-27,L,CNY,0.016346,0.016346,0
8,300009.XSHE,300009,XSHE,安科生物,2015-02-27,S,CNY,,,0
9,300010.XSHE,300010,XSHE,立思辰,2015-02-27,L,CNY,0.014842,0.014842,0
10,300011.XSHE,300011,XSHE,鼎汉技术,2015-02-27,L,CNY,0.074259,0.074259,0
11,300012.XSHE,300012,XSHE,华测检测,2015-02-27,L,CNY,0.040369,0.040369,0
12,300013.XSHE,300013,XSHE,新宁物流,2015-02-27,L,CNY,0.100071,0.100071,0
13,300014.XSHE,300014,XSHE,亿纬锂能,2015-02-27,L,CNY,0.003194,0.003194,0
14,300015.XSHE,300015,XSHE,爱尔眼科,2015-02-27,L,CNY,0.016158,0.016158,0
15,300016.XSHE,300016,XSHE,北陆药业,2015-02-27,L,CNY,-0.008017,-0.008017,0
16,300017.XSHE,300017,XSHE,网宿科技,2015-02-27,L,CNY,0.100027,0.100027,0
17,300018.XSHE,300018,XSHE,中元股份,2015-02-27,S,CNY,,,0
18,300019.XSHE,300019,XSHE,硅宝科技,2015-02-27,L,CNY,0.003747,0.003747,0
19,300020.XSHE,300020,XSHE,银江股份,2015-02-27,L,CNY,0.099943,0.099943,0
20,300021.XSHE,300021,XSHE,大禹节水,2015-02-27,L,CNY,-0.009961,-0.009961,0
21,300022.XSHE,300022,XSHE,吉峰科技,2015-02-27,S,CNY,,,0
22,300023.XSHE,300023,XSHE,宝德股份,2015-02-27,L,CNY,0.007575,0.007575,0
23,300024.XSHE,300024,XSHE,机器人,2015-02-27,L,CNY,0.026938,0.026938,0
24,300025.XSHE,300025,XSHE,华星创业,2015-02-27,S,CNY,,,0
25,300026.XSHE,300026,XSHE,红日药业,2015-02-27,L,CNY,0.001421,0.001421,0
26,300027.XSHE,300027,XSHE,华谊兄弟,2015-02-27,L,CNY,0.059944,0.059944,0
27,300028.XSHE,300028,XSHE,金亚科技,2015-02-27,L,CNY,0.099899,0.099899,0
28,300029.XSHE,300029,XSHE,天龙光电,2015-02-27,L,CNY,0.017616,0.017616,0
29,300030.XSHE,300030,XSHE,阳普医疗,2015-02-27,S,CNY,,,0
30,300031.XSHE,300031,XSHE,宝通科技,2015-02-27,L,CNY,0.003887,0.003887,0
31,300032.XSHE,300032,XSHE,金龙机电,2015-02-27,L,CNY,0.022964,0.022964,0
32,300033.XSHE,300033,XSHE,同花顺,2015-02-27,L,CNY,0.023928,0.023928,0
33,300034.XSHE,300034,XSHE,钢研高纳,2015-02-27,L,CNY,0.059075,0.059075,0
34,300035.XSHE,300035,XSHE,中科电气,2015-02-27,L,CNY,0.10032,0.10032,0
35,300036.XSHE,300036,XSHE,超图软件,2015-02-27,L,CNY,0.030688,0.030688,0
36,300037.XSHE,300037,XSHE,新宙邦,2015-02-27,L,CNY,0.012172,0.012172,0
37,300038.XSHE,300038,XSHE,数知科技,2015-02-27,L,CNY,0.018518,0.018518,0
38,300039.XSHE,300039,XSHE,上海凯宝,2015-02-27,L,CNY,-0.000695,-0.000695,0
39,300040.XSHE,300040,XSHE,九洲电气,2015-02-27,L,CNY,0.016887,0.016887,0
40,300041.XSHE,300041,XSHE,回天新材,2015-02-27,L,CNY,0.015825,0.015825,0
41,300042.XSHE,300042,XSHE,朗科科技,2015-02-27,L,CNY,0.025595,0.025595,0
42,300043.XSHE,300043,XSHE,星辉娱乐,2015-02-27,L,CNY,0.012899,0.012899,0
43,300044.XSHE,300044,XSHE,赛为智能,2015-02-27,L,CNY,0.020314,0.020314,0
44,300045.XSHE,300045,XSHE,华力创通,2015-02-27,L,CNY,0.023471,0.023471,0
45,300046.XSHE,300046,XSHE,台基股份,2015-02-27,L,CNY,0.007439,0.007439,0
46,300047.XSHE,300047,XSHE,天源迪科,2015-02-27,L,CNY,0.053704,0.053704,0
47,300048.XSHE,300048,XSHE,合康新能,2015-02-27,L,CNY,0.012411,0.012411,0
48,300049.XSHE,300049,XSHE,福瑞股份,2015-02-27,L,CNY,0.029445,0.029445,0
49,300050.XSHE,300050,XSHE,世纪鼎利,2015-02-27,L,CNY,0.022988,0.022988,0
50,300051.XSHE,300051,XSHE,三五互联,2015-02-27,L,CNY,0.054978,0.054978,0
51,300052.XSHE,300052,XSHE,中青宝,2015-02-27,L,CNY,0.043902,0.043902,0
52,300053.XSHE,300053,XSHE,欧比特,2015-02-27,L,CNY,0.041574,0.041574,0
53,300054.XSHE,300054,XSHE,鼎龙股份,2015-02-27,L,CNY,0.022795,0.022795,0
54,300055.XSHE,300055,XSHE,万邦达,2015-02-27,L,CNY,0.002886,0.002886,0
55,300056.XSHE,300056,XSHE,三维丝,2015-02-27,L,CNY,0.007712,0.007712,0
56,300057.XSHE,300057,XSHE,万顺新材,2015-02-27,L,CNY,0.014177,0.014177,0
57,300058.XSHE,300058,XSHE,蓝色光标,2015-02-27,L,CNY,0.040152,0.040152,0
58,300059.XSHE,300059,XSHE,东方财富,2015-02-27,S,CNY,,,0
59,300061.XSHE,300061,XSHE,康旗股份,2015-02-27,L,CNY,0.100254,0.100254,0
60,300062.XSHE,300062,XSHE,中能电气,2015-02-27,L,CNY,0.019374,0.019374,0
61,300063.XSHE,300063,XSHE,天龙集团,2015-02-27,S,CNY,,,0
62,300064.XSHE,300064,XSHE,豫金刚石,2015-02-27,L,CNY,0.006849,0.006849,0
63,300065.XSHE,300065,XSHE,海兰信,2015-02-27,L,CNY,0.1,0.1,0
64,300066.XSHE,300066,XSHE,三川智慧,2015-02-27,L,CNY,0.028537,0.028537,0
65,300067.XSHE,300067,XSHE,安诺其,2015-02-27,L,CNY,-0.013581,-0.013581,0
66,300068.XSHE,300068,XSHE,南都电源,2015-02-27,L,CNY,0.003824,0.003824,0
67,300069.XSHE,300069,XSHE,金利华电,2015-02-27,L,CNY,0.043579,0.043579,0
68,300070.XSHE,300070,XSHE,碧水源,2015-02-27,L,CNY,0.005986,0.005986,0
69,300071.XSHE,300071,XSHE,华谊嘉信,2015-02-27,S,CNY,,,0
70,300072.XSHE,300072,XSHE,三聚环保,2015-02-27,L,CNY,-0.004499,-0.004499,0
71,300073.XSHE,300073,XSHE,当升科技,2015-02-27,S,CNY,,,0
72,300074.XSHE,300074,XSHE,华平股份,2015-02-27,L,CNY,0.019795,0.019795,0
73,300075.XSHE,300075,XSHE,数字政通,2015-02-27,L,CNY,0.070489,0.070489,0
74,300076.XSHE,300076,XSHE,GQY视讯,2015-02-27,L,CNY,0.034419,0.034419,0
75,300077.XSHE,300077,XSHE,国民技术,2015-02-27,S,CNY,,,0
76,300078.XSHE,300078,XSHE,思创医惠,2015-02-27,S,CNY,,,0
77,300079.XSHE,300079,XSHE,数码科技,2015-02-27,L,CNY,0.03806,0.03806,0
78,300080.XSHE,300080,XSHE,易成新能,2015-02-27,L,CNY,0.004371,0.004371,0
79,300081.XSHE,300081,XSHE,恒信东方,2015-02-27,S,CNY,,,0
80,300082.XSHE,300082,XSHE,奥克股份,2015-02-27,L,CNY,0.001416,0.001416,0
81,300083.XSHE,300083,XSHE,劲胜智能,2015-02-27,L,CNY,0.012364,0.012364,0
82,300084.XSHE,300084,XSHE,海默科技,2015-02-27,L,CNY,0.041079,0.041079,0
83,300085.XSHE,300085,XSHE,银之杰,2015-02-27,L,CNY,0.01855,0.01855,0
84,300086.XSHE,300086,XSHE,康芝药业,2015-02-27,L,CNY,0.03007,0.03007,0
85,300087.XSHE,300087,XSHE,荃银高科,2015-02-27,L,CNY,-0.012214,-0.012214,0
86,300088.XSHE,300088,XSHE,长信科技,2015-02-27,L,CNY,0.016184,0.016184,0
87,300089.XSHE,300089,XSHE,文化长城,2015-02-27,L,CNY,-0.031564,-0.031564,0
88,300090.XSHE,300090,XSHE,盛运环保,2015-02-27,L,CNY,0.015384,0.015384,0
89,300091.XSHE,300091,XSHE,金通灵,2015-02-27,L,CNY,0.005822,0.005822,0
90,300092.XSHE,300092,XSHE,科新机电,2015-02-27,L,CNY,-0.003071,-0.003071,0
91,300093.XSHE,300093,XSHE,金刚玻璃,2015-02-27,L,CNY,-0.005069,-0.005069,0
92,300094.XSHE,300094,XSHE,国联水产,2015-02-27,L,CNY,0.031307,0.031307,0
93,300095.XSHE,300095,XSHE,华伍股份,2015-02-27,S,CNY,,,0
94,300096.XSHE,300096,XSHE,易联众,2015-02-27,L,CNY,0.010946,0.010946,0
95,300097.XSHE,300097,XSHE,智云股份,2015-02-27,L,CNY,0.025916,0.025916,0
96,300098.XSHE,300098,XSHE,高新兴,2015-02-27,S,CNY,,,0
97,300099.XSHE,300099,XSHE,精准信息,2015-02-27,L,CNY,0.006349,0.006349,0
98,300100.XSHE,300100,XSHE,双林股份,2015-02-27,L,CNY,-0.000641,-0.000641,0
99,300101.XSHE,300101,XSHE,振芯科技,2015-02-27,L,CNY,0.049434,0.049434,0
100,300102.XSHE,300102,XSHE,乾照光电,2015-02-27,L,CNY,0.007581,0.007581,0
101,300103.XSHE,300103,XSHE,达刚路机,2015-02-27,L,CNY,0.030042,0.030042,0
102,300104.XSHE,300104,XSHE,乐视网,2015-02-27,L,CNY,-0.029398,-0.029398,0
103,300105.XSHE,300105,XSHE,龙源技术,2015-02-27,L,CNY,0.024615,0.024615,0
104,300106.XSHE,300106,XSHE,西部牧业,2015-02-27,L,CNY,0.009195,0.009195,0
105,300107.XSHE,300107,XSHE,建新股份,2015-02-27,L,CNY,0.026785,0.026785,0
106,300108.XSHE,300108,XSHE,吉药控股,2015-02-27,L,CNY,-0.004472,-0.004472,0
107,300109.XSHE,300109,XSHE,新开源,2015-02-27,L,CNY,-0.005138,-0.005138,0
108,300110.XSHE,300110,XSHE,华仁药业,2015-02-27,S,CNY,,,0
109,300111.XSHE,300111,XSHE,向日葵,2015-02-27,L,CNY,0.011737,0.011737,0
110,300112.XSHE,300112,XSHE,万讯自控,2015-02-27,L,CNY,0.060773,0.060773,0
111,300113.XSHE,300113,XSHE,顺网科技,2015-02-27,L,CNY,0.029271,0.029271,0
112,300114.XSHE,300114,XSHE,中航电测,2015-02-27,L,CNY,0.026841,0.026841,0
113,300115.XSHE,300115,XSHE,长盈精密,2015-02-27,L,CNY,0.099911,0.099911,0
114,300116.XSHE,300116,XSHE,坚瑞沃能,2015-02-27,L,CNY,0.003773,0.003773,0
115,300117.XSHE,300117,XSHE,嘉寓股份,2015-02-27,L,CNY,0.004225,0.004225,0
116,300118.XSHE,300118,XSHE,东方日升,2015-02-27,L,CNY,0.003588,0.003588,0
117,300119.XSHE,300119,XSHE,瑞普生物,2015-02-27,L,CNY,0.000947,0.000947,0
118,300120.XSHE,300120,XSHE,经纬辉开,2015-02-27,L,CNY,0.034554,0.034554,0
119,300121.XSHE,300121,XSHE,阳谷华泰,2015-02-27,L,CNY,0.027513,0.027513,0
120,300122.XSHE,300122,XSHE,智飞生物,2015-02-27,L,CNY,0.01358,0.01358,0
121,300123.XSHE,300123,XSHE,亚光科技,2015-02-27,L,CNY,0.025146,0.025146,0
122,300124.XSHE,300124,XSHE,汇川技术,2015-02-27,L,CNY,0.045866,0.045866,0
123,300125.XSHE,300125,XSHE,易世达,2015-02-27,L,CNY,-0.002314,-0.002314,0
124,300126.XSHE,300126,XSHE,锐奇股份,2015-02-27,S,CNY,,,0
125,300127.XSHE,300127,XSHE,银河磁体,2015-02-27,L,CNY,0.006051,0.006051,0
126,300128.XSHE,300128,XSHE,锦富技术,2015-02-27,L,CNY,0.008034,0.008034,0
127,300129.XSHE,300129,XSHE,泰胜风能,2015-02-27,S,CNY,,,0
128,300130.XSHE,300130,XSHE,新国都,2015-02-27,L,CNY,0.032603,0.032603,0
129,300131.XSHE,300131,XSHE,英唐智控,2015-02-27,S,CNY,,,0
130,300132.XSHE,300132,XSHE,青松股份,2015-02-27,L,CNY,0.001265,0.001265,0
131,300133.XSHE,300133,XSHE,华策影视,2015-02-27,L,CNY,0.01308,0.01308,0
132,300134.XSHE,300134,XSHE,大富科技,2015-02-27,L,CNY,0.017826,0.017826,0
133,300135.XSHE,300135,XSHE,宝利国际,2015-02-27,L,CNY,-0.005517,-0.005517,0
134,300136.XSHE,300136,XSHE,信维通信,2015-02-27,L,CNY,0.027627,0.027627,0
135,300137.XSHE,300137,XSHE,先河环保,2015-02-27,L,CNY,0.022118,0.022118,0
136,300138.XSHE,300138,XSHE,晨光生物,2015-02-27,L,CNY,0.041176,0.041176,0
137,300139.XSHE,300139,XSHE,晓程科技,2015-02-27,L,CNY,-0.000636,-0.000636,0
138,300140.XSHE,300140,XSHE,中环装备,2015-02-27,L,CNY,0.001001,0.001001,0
139,300141.XSHE,300141,XSHE,和顺电气,2015-02-27,S,CNY,,,0
140,300142.XSHE,300142,XSHE,沃森生物,2015-02-27,L,CNY,0.008353,0.008353,0
141,300143.XSHE,300143,XSHE,星普医科,2015-02-27,L,CNY,0.003352,0.003352,0
142,300144.XSHE,300144,XSHE,宋城演艺,2015-02-27,S,CNY,,,0
143,300145.XSHE,300145,XSHE,中金环境,2015-02-27,L,CNY,0.001542,0.001542,0
144,300146.XSHE,300146,XSHE,汤臣倍健,2015-02-27,L,CNY,-0.000911,-0.000911,0
145,300147.XSHE,300147,XSHE,香雪制药,2015-02-27,L,CNY,0.001809,0.001809,0
146,300148.XSHE,300148,XSHE,天舟文化,2015-02-27,L,CNY,0.021887,0.021887,0
147,300149.XSHE,300149,XSHE,量子生物,2015-02-27,L,CNY,-0.007247,-0.007247,0
148,300150.XSHE,300150,XSHE,世纪瑞尔,2015-02-27,L,CNY,0.015552,0.015552,0
149,300151.XSHE,300151,XSHE,昌红科技,2015-02-27,L,CNY,0.036402,0.036402,0
150,300152.XSHE,300152,XSHE,科融环境,2015-02-27,S,CNY,,,0
151,300153.XSHE,300153,XSHE,科泰电源,2015-02-27,L,CNY,0.082035,0.082035,0
152,300154.XSHE,300154,XSHE,瑞凌股份,2015-02-27,L,CNY,0.012939,0.012939,0
153,300155.XSHE,300155,XSHE,安居宝,2015-02-27,L,CNY,0.041325,0.041325,0
154,300156.XSHE,300156,XSHE,神雾环保,2015-02-27,L,CNY,0.013718,0.013718,0
155,300157.XSHE,300157,XSHE,恒泰艾普,2015-02-27,L,CNY,0.004636,0.004636,0
156,300158.XSHE,300158,XSHE,振东制药,2015-02-27,L,CNY,0.010578,0.010578,0
157,300159.XSHE,300159,XSHE,新研股份,2015-02-27,S,CNY,,,0
158,300160.XSHE,300160,XSHE,秀强股份,2015-02-27,L,CNY,0.022819,0.022819,0
159,300161.XSHE,300161,XSHE,华中数控,2015-02-27,L,CNY,0.042452,0.042452,0
160,300162.XSHE,300162,XSHE,雷曼光电,2015-02-27,L,CNY,0.055747,0.055747,0
161,300163.XSHE,300163,XSHE,先锋新材,2015-02-27,L,CNY,0.01528,0.01528,0
162,300164.XSHE,300164,XSHE,通源石油,2015-02-27,L,CNY,0.002747,0.002747,0
163,300165.XSHE,300165,XSHE,天瑞仪器,2015-02-27,L,CNY,0.027014,0.027014,0
164,300166.XSHE,300166,XSHE,东方国信,2015-02-27,L,CNY,0.029034,0.029034,0
165,300167.XSHE,300167,XSHE,迪威迅,2015-02-27,L,CNY,0.030379,0.030379,0
166,300168.XSHE,300168,XSHE,万达信息,2015-02-27,S,CNY,,,0
167,300169.XSHE,300169,XSHE,天晟新材,2015-02-27,L,CNY,0.044397,0.044397,0
168,300170.XSHE,300170,XSHE,汉得信息,2015-02-27,L,CNY,0.100145,0.100145,0
169,300171.XSHE,300171,XSHE,东富龙,2015-02-27,L,CNY,0.007172,0.007172,0
170,300172.XSHE,300172,XSHE,中电环保,2015-02-27,L,CNY,0.009956,0.009956,0
171,300173.XSHE,300173,XSHE,智慧松德,2015-02-27,L,CNY,0.060153,0.060153,0
172,300174.XSHE,300174,XSHE,元力股份,2015-02-27,L,CNY,0.022979,0.022979,0
173,300175.XSHE,300175,XSHE,朗源股份,2015-02-27,S,CNY,,,0
174,300176.XSHE,300176,XSHE,派生科技,2015-02-27,L,CNY,0.011815,0.011815,0
175,300177.XSHE,300177,XSHE,中海达,2015-02-27,L,CNY,0.021314,0.021314,0
176,300178.XSHE,300178,XSHE,腾邦国际,2015-02-27,L,CNY,0.02852,0.02852,0
177,300179.XSHE,300179,XSHE,四方达,2015-02-27,L,CNY,0.015873,0.015873,0
178,300180.XSHE,300180,XSHE,华峰超纤,2015-02-27,L,CNY,-0.004017,-0.004017,0
179,300181.XSHE,300181,XSHE,佐力药业,2015-02-27,S,CNY,,,0
180,300182.XSHE,300182,XSHE,捷成股份,2015-02-27,L,CNY,0.020316,0.020316,0
181,300183.XSHE,300183,XSHE,东软载波,2015-02-27,L,CNY,0.036754,0.036754,0
182,300184.XSHE,300184,XSHE,力源信息,2015-02-27,S,CNY,,,0
183,300185.XSHE,300185,XSHE,通裕重工,2015-02-27,L,CNY,0.021739,0.021739,0
184,300187.XSHE,300187,XSHE,永清环保,2015-02-27,L,CNY,0.010144,0.010144,0
185,300188.XSHE,300188,XSHE,美亚柏科,2015-02-27,L,CNY,0.015913,0.015913,0
186,300189.XSHE,300189,XSHE,神农科技,2015-02-27,L,CNY,0.024096,0.024096,0
187,300190.XSHE,300190,XSHE,维尔利,2015-02-27,L,CNY,0.012941,0.012941,0
188,300191.XSHE,300191,XSHE,潜能恒信,2015-02-27,L,CNY,0.018327,0.018327,0
189,300192.XSHE,300192,XSHE,科斯伍德,2015-02-27,S,CNY,,,0
190,300193.XSHE,300193,XSHE,佳士科技,2015-02-27,L,CNY,0.020486,0.020486,0
191,300194.XSHE,300194,XSHE,福安药业,2015-02-27,L,CNY,0.001905,0.001905,0
192,300195.XSHE,300195,XSHE,长荣股份,2015-02-27,S,CNY,,,0
193,300196.XSHE,300196,XSHE,长海股份,2015-02-27,L,CNY,0.027254,0.027254,0
194,300197.XSHE,300197,XSHE,铁汉生态,2015-02-27,L,CNY,0.000601,0.000601,0
195,300198.XSHE,300198,XSHE,纳川股份,2015-02-27,L,CNY,0.025287,0.025287,0
196,300199.XSHE,300199,XSHE,翰宇药业,2015-02-27,L,CNY,-0.008334,-0.008334,0
197,300200.XSHE,300200,XSHE,高盟新材,2015-02-27,L,CNY,0.032967,0.032967,0
198,300201.XSHE,300201,XSHE,海伦哲,2015-02-27,S,CNY,,,0
199,300202.XSHE,300202,XSHE,聚龙股份,2015-02-27,L,CNY,0.013311,0.013311,0
200,300203.XSHE,300203,XSHE,聚光科技,2015-02-27,L,CNY,0.014227,0.014227,0
201,300204.XSHE,300204,XSHE,舒泰神,2015-02-27,L,CNY,0.033887,0.033887,0
202,300205.XSHE,300205,XSHE,天喻信息,2015-02-27,L,CNY,0.028296,0.028296,0
203,300206.XSHE,300206,XSHE,理邦仪器,2015-02-27,L,CNY,-0.005168,-0.005168,0
204,300207.XSHE,300207,XSHE,欣旺达,2015-02-27,L,CNY,0.022777,0.022777,0
205,300208.XSHE,300208,XSHE,青岛中程,2015-02-27,L,CNY,0.014354,0.014354,0
206,300209.XSHE,300209,XSHE,天泽信息,2015-02-27,L,CNY,0.024554,0.024554,0
207,300210.XSHE,300210,XSHE,森远股份,2015-02-27,L,CNY,0.014666,0.014666,0
208,300211.XSHE,300211,XSHE,亿通科技,2015-02-27,L,CNY,0.010498,0.010498,0
209,300212.XSHE,300212,XSHE,易华录,2015-02-27,L,CNY,0.085882,0.085882,0
210,300213.XSHE,300213,XSHE,佳讯飞鸿,2015-02-27,L,CNY,0.005853,0.005853,0
211,300214.XSHE,300214,XSHE,日科化学,2015-02-27,L,CNY,0.011666,0.011666,0
212,300215.XSHE,300215,XSHE,电科院,2015-02-27,L,CNY,0.012429,0.012429,0
213,300216.XSHE,300216,XSHE,千山药机,2015-02-27,L,CNY,0.015769,0.015769,0
214,300217.XSHE,300217,XSHE,东方电热,2015-02-27,L,CNY,-0.001545,-0.001545,0
215,300218.XSHE,300218,XSHE,安利股份,2015-02-27,L,CNY,0.009182,0.009182,0
216,300219.XSHE,300219,XSHE,鸿利智汇,2015-02-27,L,CNY,0.021462,0.021462,0
217,300220.XSHE,300220,XSHE,金运激光,2015-02-27,L,CNY,0.067222,0.067222,0
218,300221.XSHE,300221,XSHE,银禧科技,2015-02-27,L,CNY,-0.002929,-0.002929,0
219,300222.XSHE,300222,XSHE,科大智能,2015-02-27,S,CNY,,,0
220,300223.XSHE,300223,XSHE,北京君正,2015-02-27,L,CNY,0.018424,0.018424,0
221,300224.XSHE,300224,XSHE,正海磁材,2015-02-27,L,CNY,-0.004888,-0.004888,0
222,300225.XSHE,300225,XSHE,金力泰,2015-02-27,L,CNY,0.006617,0.006617,0
223,300226.XSHE,300226,XSHE,上海钢联,2015-02-27,L,CNY,0.06281,0.06281,0
224,300227.XSHE,300227,XSHE,光韵达,2015-02-27,L,CNY,0.03384,0.03384,0
225,300228.XSHE,300228,XSHE,富瑞特装,2015-02-27,L,CNY,0.028105,0.028105,0
226,300229.XSHE,300229,XSHE,拓尔思,2015-02-27,L,CNY,0.026699,0.026699,0
227,300230.XSHE,300230,XSHE,永利股份,2015-02-27,L,CNY,0.012562,0.012562,0
228,300231.XSHE,300231,XSHE,银信科技,2015-02-27,L,CNY,0.092024,0.092024,0
229,300232.XSHE,300232,XSHE,洲明科技,2015-02-27,S,CNY,,,0
230,300233.XSHE,300233,XSHE,金城医药,2015-02-27,S,CNY,,,0
231,300234.XSHE,300234,XSHE,开尔新材,2015-02-27,L,CNY,0.010514,0.010514,0
232,300235.XSHE,300235,XSHE,方直科技,2015-02-27,L,CNY,0.00796,0.00796,0
233,300236.XSHE,300236,XSHE,上海新阳,2015-02-27,L,CNY,0.051668,0.051668,0
234,300237.XSHE,300237,XSHE,美晨生态,2015-02-27,L,CNY,0.10007,0.10007,0
235,300238.XSHE,300238,XSHE,冠昊生物,2015-02-27,L,CNY,0.032268,0.032268,0
236,300239.XSHE,300239,XSHE,东宝生物,2015-02-27,L,CNY,0.012412,0.012412,0
237,300240.XSHE,300240,XSHE,飞力达,2015-02-27,L,CNY,0.022988,0.022988,0
238,300241.XSHE,300241,XSHE,瑞丰光电,2015-02-27,L,CNY,0.012374,0.012374,0
239,300242.XSHE,300242,XSHE,佳云科技,2015-02-27,L,CNY,0.001946,0.001946,0
240,300243.XSHE,300243,XSHE,瑞丰高材,2015-02-27,S,CNY,,,0
241,300244.XSHE,300244,XSHE,迪安诊断,2015-02-27,L,CNY,0.074477,0.074477,0
242,300245.XSHE,300245,XSHE,天玑科技,2015-02-27,L,CNY,0.051213,0.051213,0
243,300246.XSHE,300246,XSHE,宝莱特,2015-02-27,L,CNY,0.003799,0.003799,0
244,300247.XSHE,300247,XSHE,融捷健康,2015-02-27,S,CNY,,,0
245,300248.XSHE,300248,XSHE,新开普,2015-02-27,L,CNY,0.099927,0.099927,0
246,300249.XSHE,300249,XSHE,依米康,2015-02-27,L,CNY,0.01582,0.01582,0
247,300250.XSHE,300250,XSHE,初灵信息,2015-02-27,L,CNY,0.024903,0.024903,0
248,300251.XSHE,300251,XSHE,光线传媒,2015-02-27,L,CNY,0.017462,0.017462,0
249,300252.XSHE,300252,XSHE,金信诺,2015-02-27,L,CNY,0.024267,0.024267,0
250,300253.XSHE,300253,XSHE,卫宁健康,2015-02-27,L,CNY,0.019495,0.019495,0
251,300254.XSHE,300254,XSHE,仟源医药,2015-02-27,L,CNY,0.01002,0.01002,0
252,300255.XSHE,300255,XSHE,常山药业,2015-02-27,L,CNY,0.013545,0.013545,0
253,300256.XSHE,300256,XSHE,星星科技,2015-02-27,L,CNY,0.015124,0.015124,0
254,300257.XSHE,300257,XSHE,开山股份,2015-02-27,L,CNY,0.039308,0.039308,0
255,300258.XSHE,300258,XSHE,精锻科技,2015-02-27,L,CNY,0.013368,0.013368,0
256,300259.XSHE,300259,XSHE,新天科技,2015-02-27,L,CNY,0.008968,0.008968,0
257,300260.XSHE,300260,XSHE,新莱应材,2015-02-27,L,CNY,0.012506,0.012506,0
258,300261.XSHE,300261,XSHE,雅本化学,2015-02-27,L,CNY,0.000613,0.000613,0
259,300262.XSHE,300262,XSHE,巴安水务,2015-02-27,L,CNY,0.011198,0.011198,0
260,300263.XSHE,300263,XSHE,隆华科技,2015-02-27,L,CNY,-0.007173,-0.007173,0
261,300264.XSHE,300264,XSHE,佳创视讯,2015-02-27,L,CNY,0.00271,0.00271,0
262,300265.XSHE,300265,XSHE,通光线缆,2015-02-27,L,CNY,0.013928,0.013928,0
263,300266.XSHE,300266,XSHE,兴源环境,2015-02-27,L,CNY,-0.00018,-0.00018,0
264,300267.XSHE,300267,XSHE,尔康制药,2015-02-27,L,CNY,0.000256,0.000256,0
265,300268.XSHE,300268,XSHE,佳沃股份,2015-02-27,L,CNY,0.005376,0.005376,0
266,300269.XSHE,300269,XSHE,联建光电,2015-02-27,L,CNY,0.01763,0.01763,0
267,300270.XSHE,300270,XSHE,中威电子,2015-02-27,L,CNY,0.022522,0.022522,0
268,300271.XSHE,300271,XSHE,华宇软件,2015-02-27,L,CNY,0.04901,0.04901,0
269,300272.XSHE,300272,XSHE,开能健康,2015-02-27,L,CNY,0.014492,0.014492,0
270,300273.XSHE,300273,XSHE,和佳股份,2015-02-27,L,CNY,0.008,0.008,0
271,300274.XSHE,300274,XSHE,阳光电源,2015-02-27,L,CNY,-0.000481,-0.000481,0
272,300275.XSHE,300275,XSHE,梅安森,2015-02-27,L,CNY,-0.006817,-0.006817,0
273,300276.XSHE,300276,XSHE,三丰智能,2015-02-27,L,CNY,0.072768,0.072768,0
274,300277.XSHE,300277,XSHE,海联讯,2015-02-27,L,CNY,0.023376,0.023376,0
275,300278.XSHE,300278,XSHE,华昌达,2015-02-27,L,CNY,-0.017496,-0.017496,0
276,300279.XSHE,300279,XSHE,和晶科技,2015-02-27,L,CNY,0.026753,0.026753,0
277,300280.XSHE,300280,XSHE,紫天科技,2015-02-27,L,CNY,0.008119,0.008119,0
278,300281.XSHE,300281,XSHE,金明精机,2015-02-27,L,CNY,-0.00179,-0.00179,0
279,300282.XSHE,300282,XSHE,三盛教育,2015-02-27,L,CNY,0.024408,0.024408,0
280,300283.XSHE,300283,XSHE,温州宏丰,2015-02-27,L,CNY,0.010543,0.010543,0
281,300284.XSHE,300284,XSHE,苏交科,2015-02-27,L,CNY,0.100207,0.100207,0
282,300285.XSHE,300285,XSHE,国瓷材料,2015-02-27,L,CNY,0.014701,0.014701,0
283,300286.XSHE,300286,XSHE,安科瑞,2015-02-27,L,CNY,0.017234,0.017234,0
284,300287.XSHE,300287,XSHE,飞利信,2015-02-27,L,CNY,0.055676,0.055676,0
285,300288.XSHE,300288,XSHE,朗玛信息,2015-02-27,S,CNY,,,0
286,300289.XSHE,300289,XSHE,利德曼,2015-02-27,L,CNY,0.033823,0.033823,0
287,300290.XSHE,300290,XSHE,荣科科技,2015-02-27,L,CNY,0.059394,0.059394,0
288,300291.XSHE,300291,XSHE,华录百纳,2015-02-27,L,CNY,0.100097,0.100097,0
289,300292.XSHE,300292,XSHE,吴通控股,2015-02-27,L,CNY,0.058291,0.058291,0
290,300293.XSHE,300293,XSHE,蓝英装备,2015-02-27,L,CNY,0.030878,0.030878,0
291,300294.XSHE,300294,XSHE,博雅生物,2015-02-27,L,CNY,-0.002976,-0.002976,0
292,300295.XSHE,300295,XSHE,三六五网,2015-02-27,L,CNY,0.026961,0.026961,0
293,300296.XSHE,300296,XSHE,利亚德,2015-02-27,L,CNY,0.015625,0.015625,0
294,300297.XSHE,300297,XSHE,蓝盾股份,2015-02-27,L,CNY,0.009936,0.009936,0
295,300298.XSHE,300298,XSHE,三诺生物,2015-02-27,L,CNY,0.00356,0.00356,0
296,300299.XSHE,300299,XSHE,富春股份,2015-02-27,L,CNY,0.051061,0.051061,0
297,300300.XSHE,300300,XSHE,汉鼎宇佑,2015-02-27,L,CNY,0.046235,0.046235,0
298,300301.XSHE,300301,XSHE,长方集团,2015-02-27,L,CNY,0.005878,0.005878,0
299,300302.XSHE,300302,XSHE,同有科技,2015-02-27,L,CNY,0.05872,0.05872,0
300,300303.XSHE,300303,XSHE,聚飞光电,2015-02-27,L,CNY,0.056431,0.056431,0
301,300304.XSHE,300304,XSHE,云意电气,2015-02-27,L,CNY,0.002895,0.002895,0
302,300305.XSHE,300305,XSHE,裕兴股份,2015-02-27,L,CNY,0.032451,0.032451,0
303,300306.XSHE,300306,XSHE,远方信息,2015-02-27,L,CNY,0.026876,0.026876,0
304,300307.XSHE,300307,XSHE,慈星股份,2015-02-27,L,CNY,0.041407,0.041407,0
305,300308.XSHE,300308,XSHE,中际旭创,2015-02-27,L,CNY,0.011235,0.011235,0
306,300309.XSHE,300309,XSHE,吉艾科技,2015-02-27,L,CNY,0.026973,0.026973,0
307,300310.XSHE,300310,XSHE,宜通世纪,2015-02-27,L,CNY,0.044599,0.044599,0
308,300311.XSHE,300311,XSHE,任子行,2015-02-27,L,CNY,0.007216,0.007216,0
309,300312.XSHE,300312,XSHE,邦讯技术,2015-02-27,L,CNY,0.027991,0.027991,0
310,300313.XSHE,300313,XSHE,天山生物,2015-02-27,L,CNY,-0.002285,-0.002285,0
311,300314.XSHE,300314,XSHE,戴维医疗,2015-02-27,L,CNY,-0.002361,-0.002361,0
312,300315.XSHE,300315,XSHE,掌趣科技,2015-02-27,L,CNY,0.100086,0.100086,0
313,300316.XSHE,300316,XSHE,晶盛机电,2015-02-27,L,CNY,0.025139,0.025139,0
314,300317.XSHE,300317,XSHE,珈伟新能,2015-02-27,L,CNY,0.010438,0.010438,0
315,300318.XSHE,300318,XSHE,博晖创新,2015-02-27,L,CNY,0.047262,0.047262,0
316,300319.XSHE,300319,XSHE,麦捷科技,2015-02-27,L,CNY,0.040691,0.040691,0
317,300320.XSHE,300320,XSHE,海达股份,2015-02-27,L,CNY,0.01442,0.01442,0
318,300321.XSHE,300321,XSHE,同大股份,2015-02-27,L,CNY,-0.005282,-0.005282,0
319,300322.XSHE,300322,XSHE,硕贝德,2015-02-27,S,CNY,,,0
320,300323.XSHE,300323,XSHE,华灿光电,2015-02-27,L,CNY,0.013311,0.013311,0
321,300324.XSHE,300324,XSHE,旋极信息,2015-02-27,L,CNY,0.020084,0.020084,0
322,300325.XSHE,300325,XSHE,德威新材,2015-02-27,L,CNY,0.02032,0.02032,0
323,300326.XSHE,300326,XSHE,凯利泰,2015-02-27,L,CNY,0.018055,0.018055,0
324,300327.XSHE,300327,XSHE,中颖电子,2015-02-27,L,CNY,0.016331,0.016331,0
325,300328.XSHE,300328,XSHE,宜安科技,2015-02-27,L,CNY,0.008154,0.008154,0
326,300329.XSHE,300329,XSHE,海伦钢琴,2015-02-27,L,CNY,0.019098,0.019098,0
327,300330.XSHE,300330,XSHE,华虹计通,2015-02-27,L,CNY,0.006428,0.006428,0
328,300331.XSHE,300331,XSHE,苏大维格,2015-02-27,L,CNY,0.013029,0.013029,0
329,300332.XSHE,300332,XSHE,天壕环境,2015-02-27,L,CNY,0.008489,0.008489,0
330,300333.XSHE,300333,XSHE,兆日科技,2015-02-27,L,CNY,0.089503,0.089503,0
331,300334.XSHE,300334,XSHE,津膜科技,2015-02-27,L,CNY,0.005584,0.005584,0
332,300335.XSHE,300335,XSHE,迪森股份,2015-02-27,L,CNY,0.000753,0.000753,0
333,300336.XSHE,300336,XSHE,新文化,2015-02-27,L,CNY,0.003518,0.003518,0
334,300337.XSHE,300337,XSHE,银邦股份,2015-02-27,L,CNY,0.026334,0.026334,0
335,300338.XSHE,300338,XSHE,开元股份,2015-02-27,L,CNY,0.014432,0.014432,0
336,300339.XSHE,300339,XSHE,润和软件,2015-02-27,S,CNY,,,0
337,300340.XSHE,300340,XSHE,科恒股份,2015-02-27,L,CNY,0.00495,0.00495,0
338,300341.XSHE,300341,XSHE,麦克奥迪,2015-02-27,L,CNY,0.035294,0.035294,0
339,300342.XSHE,300342,XSHE,天银机电,2015-02-27,L,CNY,0.045871,0.045871,0
340,300343.XSHE,300343,XSHE,联创互联,2015-02-27,S,CNY,,,0
341,300344.XSHE,300344,XSHE,太空智造,2015-02-27,L,CNY,0.00245,0.00245,0
342,300345.XSHE,300345,XSHE,红宇新材,2015-02-27,L,CNY,-0.002181,-0.002181,0
343,300346.XSHE,300346,XSHE,南大光电,2015-02-27,L,CNY,0.033668,0.033668,0
344,300347.XSHE,300347,XSHE,泰格医药,2015-02-27,L,CNY,0.015566,0.015566,0
345,300348.XSHE,300348,XSHE,长亮科技,2015-02-27,S,CNY,,,0
346,300349.XSHE,300349,XSHE,金卡智能,2015-02-27,L,CNY,0.016771,0.016771,0
347,300350.XSHE,300350,XSHE,华鹏飞,2015-02-27,L,CNY,-0.007776,-0.007776,0
348,300351.XSHE,300351,XSHE,永贵电器,2015-02-27,L,CNY,0.084846,0.084846,0
349,300352.XSHE,300352,XSHE,北信源,2015-02-27,L,CNY,0.019682,0.019682,0
350,300353.XSHE,300353,XSHE,东土科技,2015-02-27,L,CNY,0.100215,0.100215,0
351,300354.XSHE,300354,XSHE,东华测试,2015-02-27,L,CNY,-0.001889,-0.001889,0
352,300355.XSHE,300355,XSHE,蒙草生态,2015-02-27,L,CNY,0.005931,0.005931,0
353,300356.XSHE,300356,XSHE,光一科技,2015-02-27,L,CNY,-0.011735,-0.011735,0
354,300357.XSHE,300357,XSHE,我武生物,2015-02-27,L,CNY,0.005507,0.005507,0
355,300358.XSHE,300358,XSHE,楚天科技,2015-02-27,L,CNY,0.033997,0.033997,0
356,300359.XSHE,300359,XSHE,全通教育,2015-02-27,L,CNY,0.000113,0.000113,0
357,300360.XSHE,300360,XSHE,炬华科技,2015-02-27,L,CNY,0.005663,0.005663,0
358,300362.XSHE,300362,XSHE,天翔环境,2015-02-27,S,CNY,,,0
359,300363.XSHE,300363,XSHE,博腾股份,2015-02-27,L,CNY,-0.01186,-0.01186,0
360,300364.XSHE,300364,XSHE,中文在线,2015-02-27,L,CNY,0.099979,0.099979,0
361,300365.XSHE,300365,XSHE,恒华科技,2015-02-27,L,CNY,0.004704,0.004704,0
362,300366.XSHE,300366,XSHE,创意信息,2015-02-27,L,CNY,0.01368,0.01368,0
363,300367.XSHE,300367,XSHE,东方网力,2015-02-27,L,CNY,0.025267,0.025267,0
364,300368.XSHE,300368,XSHE,汇金股份,2015-02-27,L,CNY,-0.002804,-0.002804,0
365,300369.XSHE,300369,XSHE,绿盟科技,2015-02-27,L,CNY,0.016455,0.016455,0
366,300370.XSHE,300370,XSHE,安控科技,2015-02-27,L,CNY,0.021593,0.021593,0
367,300371.XSHE,300371,XSHE,汇中股份,2015-02-27,L,CNY,0.003407,0.003407,0
368,300373.XSHE,300373,XSHE,扬杰科技,2015-02-27,L,CNY,0.035752,0.035752,0
369,300375.XSHE,300375,XSHE,鹏翎股份,2015-02-27,L,CNY,0.002288,0.002288,0
370,300376.XSHE,300376,XSHE,易事特,2015-02-27,L,CNY,0.003109,0.003109,0
371,300377.XSHE,300377,XSHE,赢时胜,2015-02-27,L,CNY,-0.000776,-0.000776,0
372,300378.XSHE,300378,XSHE,鼎捷软件,2015-02-27,L,CNY,0.035827,0.035827,0
373,300379.XSHE,300379,XSHE,东方通,2015-02-27,S,CNY,,,0
374,300380.XSHE,300380,XSHE,安硕信息,2015-02-27,L,CNY,0.02025,0.02025,0
375,300381.XSHE,300381,XSHE,溢多利,2015-02-27,L,CNY,0.00355,0.00355,0
376,300382.XSHE,300382,XSHE,斯莱克,2015-02-27,L,CNY,0.02425,0.02425,0
377,300383.XSHE,300383,XSHE,光环新网,2015-02-27,L,CNY,0.065731,0.065731,0
378,300384.XSHE,300384,XSHE,三联虹普,2015-02-27,L,CNY,0.012251,0.012251,0
379,300385.XSHE,300385,XSHE,雪浪环境,2015-02-27,L,CNY,0.011371,0.011371,0
380,300386.XSHE,300386,XSHE,飞天诚信,2015-02-27,L,CNY,0.005626,0.005626,0
381,300387.XSHE,300387,XSHE,富邦股份,2015-02-27,L,CNY,0.023773,0.023773,0
382,300388.XSHE,300388,XSHE,国祯环保,2015-02-27,L,CNY,0.006621,0.006621,0
383,300389.XSHE,300389,XSHE,艾比森,2015-02-27,L,CNY,0.020007,0.020007,0
384,300390.XSHE,300390,XSHE,天华超净,2015-02-27,S,CNY,,,0
385,300391.XSHE,300391,XSHE,康跃科技,2015-02-27,L,CNY,0.005575,0.005575,0
386,300392.XSHE,300392,XSHE,腾信股份,2015-02-27,L,CNY,-0.005117,-0.005117,0
387,300393.XSHE,300393,XSHE,中来股份,2015-02-27,L,CNY,0.013537,0.013537,0
388,300394.XSHE,300394,XSHE,天孚通信,2015-02-27,L,CNY,0.1,0.1,0
389,300395.XSHE,300395,XSHE,菲利华,2015-02-27,L,CNY,0.011775,0.011775,0
390,300396.XSHE,300396,XSHE,迪瑞医疗,2015-02-27,L,CNY,0.008743,0.008743,0
391,300397.XSHE,300397,XSHE,天和防务,2015-02-27,L,CNY,-0.004993,-0.004993,0
392,300398.XSHE,300398,XSHE,飞凯材料,2015-02-27,L,CNY,0.050141,0.050141,0
393,300399.XSHE,300399,XSHE,京天利,2015-02-27,L,CNY,0.017243,0.017243,0
394,300400.XSHE,300400,XSHE,劲拓股份,2015-02-27,L,CNY,0.02178,0.02178,0
395,300401.XSHE,300401,XSHE,花园生物,2015-02-27,L,CNY,0.02411,0.02411,0
396,300402.XSHE,300402,XSHE,宝色股份,2015-02-27,L,CNY,0.010244,0.010244,0
397,300403.XSHE,300403,XSHE,汉宇集团,2015-02-27,L,CNY,0.013376,0.013376,0
398,300405.XSHE,300405,XSHE,科隆股份,2015-02-27,L,CNY,0.012087,0.012087,0
399,300406.XSHE,300406,XSHE,九强生物,2015-02-27,L,CNY,0.037915,0.037915,0
400,300407.XSHE,300407,XSHE,凯发电气,2015-02-27,L,CNY,0.000566,0.000566,0
401,300408.XSHE,300408,XSHE,三环集团,2015-02-27,L,CNY,0.013133,0.013133,0
402,300409.XSHE,300409,XSHE,道氏技术,2015-02-27,L,CNY,0.004807,0.004807,0
403,300410.XSHE,300410,XSHE,正业科技,2015-02-27,L,CNY,0.020066,0.020066,0
404,300411.XSHE,300411,XSHE,金盾股份,2015-02-27,L,CNY,-0.013461,-0.013461,0
405,300412.XSHE,300412,XSHE,迦南科技,2015-02-27,L,CNY,0.003402,0.003402,0
406,300413.XSHE,300413,XSHE,芒果超媒,2015-02-27,L,CNY,0.007507,0.007507,0
407,300415.XSHE,300415,XSHE,伊之密,2015-02-27,L,CNY,-0.003272,-0.003272,0
408,300416.XSHE,300416,XSHE,苏试试验,2015-02-27,L,CNY,0.008357,0.008357,0
409,300417.XSHE,300417,XSHE,南华仪器,2015-02-27,L,CNY,-0.012995,-0.012995,0
410,300418.XSHE,300418,XSHE,昆仑万维,2015-02-27,L,CNY,0.039572,0.039572,0
411,300419.XSHE,300419,XSHE,浩丰科技,2015-02-27,L,CNY,-0.0017,-0.0017,0
412,300420.XSHE,300420,XSHE,五洋停车,2015-02-27,L,CNY,0.09993,0.09993,0
413,300421.XSHE,300421,XSHE,力星股份,2015-02-27,L,CNY,0.099874,0.099874,0
414,300422.XSHE,300422,XSHE,博世科,2015-02-27,L,CNY,0.099885,0.099885,0
415,300423.XSHE,300423,XSHE,鲁亿通,2015-02-27,L,CNY,0.099777,0.099777,0
416,300425.XSHE,300425,XSHE,环能科技,2015-02-27,L,CNY,0.100171,0.100171,0
417,300426.XSHE,300426,XSHE,唐德影视,2015-02-27,L,CNY,0.100025,0.100025,0
418,300427.XSHE,300427,XSHE,红相股份,2015-02-27,L,CNY,0.099835,0.099835,0
419,600000.XSHG,600000,XSHG,浦发银行,2015-02-27,L,CNY,-0.006156,-0.006156,0
420,600004.XSHG,600004,XSHG,白云机场,2015-02-27,L,CNY,0.019642,0.019642,0
421,600006.XSHG,600006,XSHG,东风汽车,2015-02-27,L,CNY,0.004878,0.004878,0
422,600007.XSHG,600007,XSHG,中国国贸,2015-02-27,L,CNY,0.003807,0.003807,0
423,600008.XSHG,600008,XSHG,首创股份,2015-02-27,L,CNY,-0.0016,-0.0016,0
424,600009.XSHG,600009,XSHG,上海机场,2015-02-27,L,CNY,-0.015399,-0.015399,0
425,600010.XSHG,600010,XSHG,包钢股份,2015-02-27,L,CNY,0.009823,0.009823,0
426,600011.XSHG,600011,XSHG,华能国际,2015-02-27,L,CNY,-0.006452,-0.006452,0
427,600012.XSHG,600012,XSHG,皖通高速,2015-02-27,L,CNY,-0.011147,-0.011147,0
428,600015.XSHG,600015,XSHG,华夏银行,2015-02-27,L,CNY,-0.016367,-0.016367,0
429,600016.XSHG,600016,XSHG,民生银行,2015-02-27,L,CNY,-0.004315,-0.004315,0
430,600017.XSHG,600017,XSHG,日照港,2015-02-27,L,CNY,0.029821,0.029821,0
431,600018.XSHG,600018,XSHG,上港集团,2015-02-27,L,CNY,0.002994,0.002994,0
432,600019.XSHG,600019,XSHG,宝钢股份,2015-02-27,L,CNY,0.009063,0.009063,0
433,600020.XSHG,600020,XSHG,中原高速,2015-02-27,L,CNY,-0.002526,-0.002526,0
434,600021.XSHG,600021,XSHG,上海电力,2015-02-27,L,CNY,0.041867,0.041867,0
435,600022.XSHG,600022,XSHG,山东钢铁,2015-02-27,L,CNY,0.003412,0.003412,0
436,600023.XSHG,600023,XSHG,浙能电力,2015-02-27,L,CNY,0.003039,0.003039,0
437,600026.XSHG,600026,XSHG,中远海能,2015-02-27,L,CNY,-0.003798,-0.003798,0
438,600027.XSHG,600027,XSHG,华电国际,2015-02-27,L,CNY,0.0,0.0,0
439,600028.XSHG,600028,XSHG,中国石化,2015-02-27,L,CNY,0.030995,0.030995,0
440,600029.XSHG,600029,XSHG,南方航空,2015-02-27,L,CNY,0.015655,0.015655,0
441,600030.XSHG,600030,XSHG,中信证券,2015-02-27,L,CNY,-0.013365,-0.013365,0
442,600031.XSHG,600031,XSHG,三一重工,2015-02-27,L,CNY,-0.012747,-0.012747,0
443,600033.XSHG,600033,XSHG,福建高速,2015-02-27,L,CNY,0.0,0.0,0
444,600035.XSHG,600035,XSHG,楚天高速,2015-02-27,S,CNY,,,0
445,600036.XSHG,600036,XSHG,招商银行,2015-02-27,L,CNY,0.002044,0.002044,0
446,600037.XSHG,600037,XSHG,歌华有线,2015-02-27,S,CNY,,,0
447,600038.XSHG,600038,XSHG,中直股份,2015-02-27,L,CNY,0.013256,0.013256,0
448,600039.XSHG,600039,XSHG,四川路桥,2015-02-27,L,CNY,-0.007208,-0.007208,0
449,600048.XSHG,600048,XSHG,保利地产,2015-02-27,L,CNY,-0.003911,-0.003911,0
450,600050.XSHG,600050,XSHG,中国联通,2015-02-27,L,CNY,0.056074,0.056074,0
451,600051.XSHG,600051,XSHG,宁波联合,2015-02-27,L,CNY,0.008537,0.008537,0
452,600052.XSHG,600052,XSHG,浙江广厦,2015-02-27,L,CNY,0.004901,0.004901,0
453,600053.XSHG,600053,XSHG,九鼎投资,2015-02-27,L,CNY,0.003015,0.003015,0
454,600054.XSHG,600054,XSHG,黄山旅游,2015-02-27,L,CNY,-0.003668,-0.003668,0
455,600055.XSHG,600055,XSHG,万东医疗,2015-02-27,L,CNY,0.003215,0.003215,0
456,600056.XSHG,600056,XSHG,中国医药,2015-02-27,L,CNY,0.015384,0.015384,0
457,600057.XSHG,600057,XSHG,厦门象屿,2015-02-27,L,CNY,-0.006988,-0.006988,0
458,600058.XSHG,600058,XSHG,五矿发展,2015-02-27,L,CNY,0.005909,0.005909,0
459,600059.XSHG,600059,XSHG,古越龙山,2015-02-27,L,CNY,0.004479,0.004479,0
460,600060.XSHG,600060,XSHG,海信电器,2015-02-27,L,CNY,0.017119,0.017119,0
461,600061.XSHG,600061,XSHG,国投资本,2015-02-27,L,CNY,-0.010463,-0.010463,0
462,600062.XSHG,600062,XSHG,华润双鹤,2015-02-27,L,CNY,0.021612,0.021612,0
463,600063.XSHG,600063,XSHG,皖维高新,2015-02-27,L,CNY,0.004237,0.004237,0
464,600064.XSHG,600064,XSHG,南京高科,2015-02-27,L,CNY,-0.011596,-0.011596,0
465,600066.XSHG,600066,XSHG,宇通客车,2015-02-27,L,CNY,-0.011372,-0.011372,0
466,600067.XSHG,600067,XSHG,冠城大通,2015-02-27,L,CNY,-0.003995,-0.003995,0
467,600068.XSHG,600068,XSHG,葛洲坝,2015-02-27,L,CNY,-0.012233,-0.012233,0
468,600069.XSHG,600069,XSHG,银鸽投资,2015-02-27,L,CNY,0.018255,0.018255,0
469,600070.XSHG,600070,XSHG,浙江富润,2015-02-27,L,CNY,0.091792,0.091792,0
470,600071.XSHG,600071,XSHG,凤凰光学,2015-02-27,L,CNY,-0.015026,-0.015026,0
471,600072.XSHG,600072,XSHG,中船科技,2015-02-27,L,CNY,0.016203,0.016203,0
472,600073.XSHG,600073,XSHG,上海梅林,2015-02-27,L,CNY,-0.009217,-0.009217,0
473,600074.XSHG,600074,XSHG,*ST保千,2015-02-27,L,CNY,0.029673,0.029673,0
474,600075.XSHG,600075,XSHG,新疆天业,2015-02-27,L,CNY,0.001383,0.001383,0
475,600076.XSHG,600076,XSHG,康欣新材,2015-02-27,S,CNY,,,0
476,600077.XSHG,600077,XSHG,宋都股份,2015-02-27,L,CNY,0.0464,0.0464,0
477,600078.XSHG,600078,XSHG,澄星股份,2015-02-27,L,CNY,0.002409,0.002409,0
478,600079.XSHG,600079,XSHG,人福医药,2015-02-27,L,CNY,0.016746,0.016746,0
479,600080.XSHG,600080,XSHG,金花股份,2015-02-27,L,CNY,-0.008334,-0.008334,0
480,600081.XSHG,600081,XSHG,东风科技,2015-02-27,L,CNY,0.028871,0.028871,0
481,600082.XSHG,600082,XSHG,海泰发展,2015-02-27,L,CNY,0.010928,0.010928,0
482,600083.XSHG,600083,XSHG,博信股份,2015-02-27,S,CNY,,,0
483,600084.XSHG,600084,XSHG,*ST中葡,2015-02-27,L,CNY,0.005244,0.005244,0
484,600085.XSHG,600085,XSHG,同仁堂,2015-02-27,L,CNY,-0.000887,-0.000887,0
485,600086.XSHG,600086,XSHG,东方金钰,2015-02-27,L,CNY,-0.00767,-0.00767,0
486,600088.XSHG,600088,XSHG,中视传媒,2015-02-27,L,CNY,0.012293,0.012293,0
487,600089.XSHG,600089,XSHG,特变电工,2015-02-27,L,CNY,-0.004085,-0.004085,0
488,600090.XSHG,600090,XSHG,同济堂,2015-02-27,S,CNY,,,0
489,600091.XSHG,600091,XSHG,ST明科,2015-02-27,L,CNY,0.008741,0.008741,0
490,600093.XSHG,600093,XSHG,易见股份,2015-02-27,L,CNY,0.029362,0.029362,0
491,600094.XSHG,600094,XSHG,大名城,2015-02-27,L,CNY,0.056255,0.056255,0
492,600095.XSHG,600095,XSHG,哈高科,2015-02-27,L,CNY,-0.008475,-0.008475,0
493,600096.XSHG,600096,XSHG,云天化,2015-02-27,L,CNY,-0.007021,-0.007021,0
494,600097.XSHG,600097,XSHG,开创国际,2015-02-27,L,CNY,0.010818,0.010818,0
495,600098.XSHG,600098,XSHG,广州发展,2015-02-27,L,CNY,-0.016217,-0.016217,0
496,600099.XSHG,600099,XSHG,林海股份,2015-02-27,L,CNY,-0.002101,-0.002101,0
497,600100.XSHG,600100,XSHG,同方股份,2015-02-27,L,CNY,0.01823,0.01823,0
498,600101.XSHG,600101,XSHG,明星电力,2015-02-27,L,CNY,-0.003046,-0.003046,0
499,600103.XSHG,600103,XSHG,青山纸业,2015-02-27,L,CNY,-0.007408,-0.007408,0
500,600104.XSHG,600104,XSHG,上汽集团,2015-02-27,L,CNY,-0.014564,-0.014564,0
501,600105.XSHG,600105,XSHG,永鼎股份,2015-02-27,L,CNY,0.010204,0.010204,0
502,600106.XSHG,600106,XSHG,重庆路桥,2015-02-27,L,CNY,0.005925,0.005925,0
503,600107.XSHG,600107,XSHG,美尔雅,2015-02-27,L,CNY,0.007213,0.007213,0
504,600108.XSHG,600108,XSHG,亚盛集团,2015-02-27,L,CNY,-0.005342,-0.005342,0
505,600109.XSHG,600109,XSHG,国金证券,2015-02-27,L,CNY,0.061141,0.061141,0
506,600110.XSHG,600110,XSHG,诺德股份,2015-02-27,L,CNY,0.046728,0.046728,0
507,600111.XSHG,600111,XSHG,北方稀土,2015-02-27,L,CNY,0.023913,0.023913,0
508,600112.XSHG,600112,XSHG,ST天成,2015-02-27,S,CNY,,,0
509,600113.XSHG,600113,XSHG,浙江东日,2015-02-27,L,CNY,0.021331,0.021331,0
510,600114.XSHG,600114,XSHG,东睦股份,2015-02-27,L,CNY,-0.012065,-0.012065,0
511,600115.XSHG,600115,XSHG,东方航空,2015-02-27,L,CNY,0.016728,0.016728,0
512,600116.XSHG,600116,XSHG,三峡水利,2015-02-27,L,CNY,0.036214,0.036214,0
513,600117.XSHG,600117,XSHG,西宁特钢,2015-02-27,L,CNY,0.023437,0.023437,0
514,600118.XSHG,600118,XSHG,中国卫星,2015-02-27,L,CNY,0.051604,0.051604,0
515,600119.XSHG,600119,XSHG,*ST长投,2015-02-27,L,CNY,-0.004075,-0.004075,0
516,600120.XSHG,600120,XSHG,浙江东方,2015-02-27,L,CNY,-0.027217,-0.027217,0
517,600121.XSHG,600121,XSHG,郑州煤电,2015-02-27,L,CNY,0.013793,0.013793,0
518,600122.XSHG,600122,XSHG,宏图高科,2015-02-27,L,CNY,0.100436,0.100436,0
519,600123.XSHG,600123,XSHG,兰花科创,2015-02-27,L,CNY,0.003141,0.003141,0
520,600125.XSHG,600125,XSHG,铁龙物流,2015-02-27,L,CNY,-0.009164,-0.009164,0
521,600126.XSHG,600126,XSHG,杭钢股份,2015-02-27,S,CNY,,,0
522,600127.XSHG,600127,XSHG,金健米业,2015-02-27,L,CNY,0.010016,0.010016,0
523,600128.XSHG,600128,XSHG,弘业股份,2015-02-27,L,CNY,0.001409,0.001409,0
524,600129.XSHG,600129,XSHG,太极集团,2015-02-27,S,CNY,,,0
525,600130.XSHG,600130,XSHG,波导股份,2015-02-27,L,CNY,0.007363,0.007363,0
526,600131.XSHG,600131,XSHG,岷江水电,2015-02-27,L,CNY,-0.01016,-0.01016,0
527,600132.XSHG,600132,XSHG,重庆啤酒,2015-02-27,L,CNY,-0.004852,-0.004852,0
528,600133.XSHG,600133,XSHG,东湖高新,2015-02-27,L,CNY,0.023411,0.023411,0
529,600135.XSHG,600135,XSHG,乐凯胶片,2015-02-27,L,CNY,0.002269,0.002269,0
530,600136.XSHG,600136,XSHG,当代明诚,2015-02-27,L,CNY,0.003923,0.003923,0
531,600137.XSHG,600137,XSHG,浪莎股份,2015-02-27,L,CNY,0.006696,0.006696,0
532,600138.XSHG,600138,XSHG,中青旅,2015-02-27,L,CNY,0.001148,0.001148,0
533,600139.XSHG,600139,XSHG,西部资源,2015-02-27,L,CNY,0.02111,0.02111,0
534,600141.XSHG,600141,XSHG,兴发集团,2015-02-27,L,CNY,-0.010417,-0.010417,0
535,600143.XSHG,600143,XSHG,金发科技,2015-02-27,L,CNY,0.001436,0.001436,0
536,600145.XSHG,600145,XSHG,*ST新亿,2015-02-27,L,CNY,0.022633,0.022633,0
537,600146.XSHG,600146,XSHG,商赢环球,2015-02-27,L,CNY,0.008547,0.008547,0
538,600148.XSHG,600148,XSHG,长春一东,2015-02-27,L,CNY,0.01866,0.01866,0
539,600149.XSHG,600149,XSHG,ST坊展,2015-02-27,L,CNY,0.012016,0.012016,0
540,600150.XSHG,600150,XSHG,中国船舶,2015-02-27,L,CNY,0.00935,0.00935,0
541,600151.XSHG,600151,XSHG,航天机电,2015-02-27,L,CNY,0.016438,0.016438,0
542,600152.XSHG,600152,XSHG,维科技术,2015-02-27,L,CNY,-0.001255,-0.001255,0
543,600153.XSHG,600153,XSHG,建发股份,2015-02-27,L,CNY,-0.001961,-0.001961,0
544,600155.XSHG,600155,XSHG,华创阳安,2015-02-27,L,CNY,-0.010343,-0.010343,0
545,600156.XSHG,600156,XSHG,华升股份,2015-02-27,L,CNY,0.035891,0.035891,0
546,600157.XSHG,600157,XSHG,永泰能源,2015-02-27,S,CNY,,,0
547,600158.XSHG,600158,XSHG,中体产业,2015-02-27,L,CNY,0.032035,0.032035,0
548,600159.XSHG,600159,XSHG,大龙地产,2015-02-27,L,CNY,0.0,0.0,0
549,600160.XSHG,600160,XSHG,巨化股份,2015-02-27,L,CNY,0.008097,0.008097,0
550,600161.XSHG,600161,XSHG,天坛生物,2015-02-27,L,CNY,0.014035,0.014035,0
551,600162.XSHG,600162,XSHG,香江控股,2015-02-27,L,CNY,0.002949,0.002949,0
552,600163.XSHG,600163,XSHG,中闽能源,2015-02-27,L,CNY,0.00992,0.00992,0
553,600165.XSHG,600165,XSHG,新日恒力,2015-02-27,L,CNY,-0.000849,-0.000849,0
554,600166.XSHG,600166,XSHG,福田汽车,2015-02-27,L,CNY,-0.004673,-0.004673,0
555,600167.XSHG,600167,XSHG,联美控股,2015-02-27,L,CNY,0.014383,0.014383,0
556,600168.XSHG,600168,XSHG,武汉控股,2015-02-27,L,CNY,-0.007438,-0.007438,0
557,600169.XSHG,600169,XSHG,太原重工,2015-02-27,L,CNY,-0.004,-0.004,0
558,600170.XSHG,600170,XSHG,上海建工,2015-02-27,L,CNY,-0.009452,-0.009452,0
559,600171.XSHG,600171,XSHG,上海贝岭,2015-02-27,L,CNY,0.016129,0.016129,0
560,600172.XSHG,600172,XSHG,黄河旋风,2015-02-27,L,CNY,-0.009804,-0.009804,0
561,600173.XSHG,600173,XSHG,卧龙地产,2015-02-27,L,CNY,0.003916,0.003916,0
562,600175.XSHG,600175,XSHG,美都能源,2015-02-27,L,CNY,0.007407,0.007407,0
563,600176.XSHG,600176,XSHG,中国巨石,2015-02-27,L,CNY,-0.001212,-0.001212,0
564,600177.XSHG,600177,XSHG,雅戈尔,2015-02-27,L,CNY,-0.00474,-0.00474,0
565,600178.XSHG,600178,XSHG,东安动力,2015-02-27,L,CNY,-0.020998,-0.020998,0
566,600179.XSHG,600179,XSHG,ST安通,2015-02-27,S,CNY,,,0
567,600180.XSHG,600180,XSHG,瑞茂通,2015-02-27,L,CNY,0.030203,0.030203,0
568,600182.XSHG,600182,XSHG,S佳通,2015-02-27,L,CNY,-0.004855,-0.004855,0
569,600183.XSHG,600183,XSHG,生益科技,2015-02-27,L,CNY,0.001288,0.001288,0
570,600184.XSHG,600184,XSHG,光电股份,2015-02-27,L,CNY,0.008892,0.008892,0
571,600185.XSHG,600185,XSHG,格力地产,2015-02-27,L,CNY,-0.018376,-0.018376,0
572,600186.XSHG,600186,XSHG,*ST莲花,2015-02-27,L,CNY,0.0,0.0,0
573,600187.XSHG,600187,XSHG,国中水务,2015-02-27,L,CNY,-0.011035,-0.011035,0
574,600188.XSHG,600188,XSHG,兖州煤业,2015-02-27,L,CNY,0.006134,0.006134,0
575,600189.XSHG,600189,XSHG,吉林森工,2015-02-27,S,CNY,,,0
576,600190.XSHG,600190,XSHG,锦州港,2015-02-27,L,CNY,-0.003617,-0.003617,0
577,600191.XSHG,600191,XSHG,华资实业,2015-02-27,L,CNY,-0.007165,-0.007165,0
578,600192.XSHG,600192,XSHG,长城电工,2015-02-27,L,CNY,0.001823,0.001823,0
579,600193.XSHG,600193,XSHG,ST创兴,2015-02-27,L,CNY,-0.011659,-0.011659,0
580,600195.XSHG,600195,XSHG,中牧股份,2015-02-27,L,CNY,-0.007982,-0.007982,0
581,600196.XSHG,600196,XSHG,复星医药,2015-02-27,L,CNY,-0.001323,-0.001323,0
582,600197.XSHG,600197,XSHG,伊力特,2015-02-27,L,CNY,0.01086,0.01086,0
583,600198.XSHG,600198,XSHG,大唐电信,2015-02-27,L,CNY,0.035023,0.035023,0
584,600199.XSHG,600199,XSHG,金种子酒,2015-02-27,L,CNY,0.01173,0.01173,0
585,600200.XSHG,600200,XSHG,江苏吴中,2015-02-27,L,CNY,-0.012364,-0.012364,0
586,600201.XSHG,600201,XSHG,生物股份,2015-02-27,L,CNY,0.000198,0.000198,0
587,600202.XSHG,600202,XSHG,哈空调,2015-02-27,L,CNY,-0.001283,-0.001283,0
588,600203.XSHG,600203,XSHG,福日电子,2015-02-27,S,CNY,,,0
589,600206.XSHG,600206,XSHG,有研新材,2015-02-27,L,CNY,0.013479,0.013479,0
590,600207.XSHG,600207,XSHG,安彩高科,2015-02-27,S,CNY,,,0
591,600208.XSHG,600208,XSHG,新湖中宝,2015-02-27,L,CNY,-0.019608,-0.019608,0
592,600209.XSHG,600209,XSHG,ST罗顿,2015-02-27,L,CNY,0.029732,0.029732,0
593,600210.XSHG,600210,XSHG,紫江企业,2015-02-27,L,CNY,0.0,0.0,0
594,600211.XSHG,600211,XSHG,西藏药业,2015-02-27,L,CNY,0.000774,0.000774,0
595,600212.XSHG,600212,XSHG,江泉实业,2015-02-27,S,CNY,,,0
596,600213.XSHG,600213,XSHG,亚星客车,2015-02-27,L,CNY,-0.004152,-0.004152,0
597,600215.XSHG,600215,XSHG,长春经开,2015-02-27,L,CNY,-0.0064,-0.0064,0
598,600216.XSHG,600216,XSHG,浙江医药,2015-02-27,L,CNY,-0.003634,-0.003634,0
599,600217.XSHG,600217,XSHG,中再资环,2015-02-27,L,CNY,-0.016636,-0.016636,0
600,600218.XSHG,600218,XSHG,全柴动力,2015-02-27,L,CNY,0.016241,0.016241,0
601,600219.XSHG,600219,XSHG,南山铝业,2015-02-27,L,CNY,-0.017205,-0.017205,0
602,600220.XSHG,600220,XSHG,江苏阳光,2015-02-27,L,CNY,0.007556,0.007556,0
603,600221.XSHG,600221,XSHG,海航控股,2015-02-27,L,CNY,0.003115,0.003115,0
604,600222.XSHG,600222,XSHG,太龙药业,2015-02-27,L,CNY,0.011152,0.011152,0
605,600223.XSHG,600223,XSHG,鲁商置业,2015-02-27,L,CNY,0.0,0.0,0
606,600225.XSHG,600225,XSHG,天津松江,2015-02-27,L,CNY,0.029562,0.029562,0
607,600226.XSHG,600226,XSHG,瀚叶股份,2015-02-27,L,CNY,0.012765,0.012765,0
608,600227.XSHG,600227,XSHG,圣济堂,2015-02-27,L,CNY,0.001821,0.001821,0
609,600228.XSHG,600228,XSHG,ST昌九,2015-02-27,L,CNY,0.010946,0.010946,0
610,600229.XSHG,600229,XSHG,城市传媒,2015-02-27,L,CNY,-0.002486,-0.002486,0
611,600230.XSHG,600230,XSHG,沧州大化,2015-02-27,L,CNY,-0.003224,-0.003224,0
612,600231.XSHG,600231,XSHG,凌钢股份,2015-02-27,L,CNY,0.043715,0.043715,0
613,600232.XSHG,600232,XSHG,金鹰股份,2015-02-27,S,CNY,,,0
614,600233.XSHG,600233,XSHG,圆通速递,2015-02-27,L,CNY,-0.000789,-0.000789,0
615,600234.XSHG,600234,XSHG,*ST山水,2015-02-27,L,CNY,0.029542,0.029542,0
616,600235.XSHG,600235,XSHG,民丰特纸,2015-02-27,L,CNY,0.002518,0.002518,0
617,600236.XSHG,600236,XSHG,桂冠电力,2015-02-27,L,CNY,0.023952,0.023952,0
618,600237.XSHG,600237,XSHG,铜峰电子,2015-02-27,L,CNY,-0.002774,-0.002774,0
619,600238.XSHG,600238,XSHG,ST椰岛,2015-02-27,S,CNY,,,0
620,600239.XSHG,600239,XSHG,云南城投,2015-02-27,L,CNY,0.017518,0.017518,0
621,600240.XSHG,600240,XSHG,*ST华业,2015-02-27,L,CNY,-0.012026,-0.012026,0
622,600241.XSHG,600241,XSHG,时代万恒,2015-02-27,L,CNY,0.012448,0.012448,0
623,600242.XSHG,600242,XSHG,中昌数据,2015-02-27,L,CNY,0.022093,0.022093,0
624,600243.XSHG,600243,XSHG,青海华鼎,2015-02-27,L,CNY,0.007001,0.007001,0
625,600246.XSHG,600246,XSHG,万通地产,2015-02-27,S,CNY,,,0
626,600247.XSHG,600247,XSHG,ST成城,2015-02-27,L,CNY,0.019145,0.019145,0
627,600248.XSHG,600248,XSHG,延长化建,2015-02-27,L,CNY,-0.00627,-0.00627,0
628,600249.XSHG,600249,XSHG,两面针,2015-02-27,L,CNY,0.0,0.0,0
629,600250.XSHG,600250,XSHG,南纺股份,2015-02-27,S,CNY,,,0
630,600251.XSHG,600251,XSHG,冠农股份,2015-02-27,L,CNY,0.001041,0.001041,0
631,600252.XSHG,600252,XSHG,中恒集团,2015-02-27,L,CNY,-0.000609,-0.000609,0
632,600255.XSHG,600255,XSHG,梦舟股份,2015-02-27,L,CNY,-0.00178,-0.00178,0
633,600256.XSHG,600256,XSHG,广汇能源,2015-02-27,L,CNY,-0.006969,-0.006969,0
634,600257.XSHG,600257,XSHG,大湖股份,2015-02-27,L,CNY,0.003826,0.003826,0
635,600258.XSHG,600258,XSHG,首旅酒店,2015-02-27,L,CNY,0.011841,0.011841,0
636,600259.XSHG,600259,XSHG,广晟有色,2015-02-27,L,CNY,0.00509,0.00509,0
637,600260.XSHG,600260,XSHG,凯乐科技,2015-02-27,L,CNY,0.031135,0.031135,0
638,600261.XSHG,600261,XSHG,阳光照明,2015-02-27,L,CNY,-0.003119,-0.003119,0
639,600262.XSHG,600262,XSHG,北方股份,2015-02-27,L,CNY,0.030534,0.030534,0
640,600265.XSHG,600265,XSHG,ST景谷,2015-02-27,L,CNY,0.007111,0.007111,0
641,600266.XSHG,600266,XSHG,北京城建,2015-02-27,L,CNY,-0.0111,-0.0111,0
642,600267.XSHG,600267,XSHG,海正药业,2015-02-27,L,CNY,-0.007191,-0.007191,0
643,600268.XSHG,600268,XSHG,国电南自,2015-02-27,L,CNY,-0.007169,-0.007169,0
644,600269.XSHG,600269,XSHG,赣粤高速,2015-02-27,L,CNY,-0.002106,-0.002106,0
645,600271.XSHG,600271,XSHG,航天信息,2015-02-27,L,CNY,0.025641,0.025641,0
646,600272.XSHG,600272,XSHG,开开实业,2015-02-27,L,CNY,0.035127,0.035127,0
647,600273.XSHG,600273,XSHG,嘉化能源,2015-02-27,L,CNY,0.003338,0.003338,0
648,600275.XSHG,600275,XSHG,ST昌鱼,2015-02-27,L,CNY,0.040322,0.040322,0
649,600276.XSHG,600276,XSHG,恒瑞医药,2015-02-27,L,CNY,-0.010785,-0.010785,0
650,600277.XSHG,600277,XSHG,亿利洁能,2015-02-27,L,CNY,-0.002289,-0.002289,0
651,600278.XSHG,600278,XSHG,东方创业,2015-02-27,L,CNY,-0.015615,-0.015615,0
652,600279.XSHG,600279,XSHG,重庆港九,2015-02-27,L,CNY,0.002022,0.002022,0
653,600280.XSHG,600280,XSHG,中央商场,2015-02-27,L,CNY,-0.005066,-0.005066,0
654,600281.XSHG,600281,XSHG,太化股份,2015-02-27,L,CNY,-0.004367,-0.004367,0
655,600282.XSHG,600282,XSHG,南钢股份,2015-02-27,L,CNY,0.020172,0.020172,0
656,600283.XSHG,600283,XSHG,钱江水利,2015-02-27,L,CNY,0.002017,0.002017,0
657,600284.XSHG,600284,XSHG,浦东建设,2015-02-27,L,CNY,0.010572,0.010572,0
658,600285.XSHG,600285,XSHG,羚锐制药,2015-02-27,L,CNY,-0.016539,-0.016539,0
659,600287.XSHG,600287,XSHG,江苏舜天,2015-02-27,L,CNY,0.011424,0.011424,0
660,600288.XSHG,600288,XSHG,大恒科技,2015-02-27,L,CNY,0.008992,0.008992,0
661,600289.XSHG,600289,XSHG,*ST信通,2015-02-27,L,CNY,0.041981,0.041981,0
662,600290.XSHG,600290,XSHG,华仪电气,2015-02-27,L,CNY,0.011892,0.011892,0
663,600291.XSHG,600291,XSHG,西水股份,2015-02-27,L,CNY,-0.009273,-0.009273,0
664,600292.XSHG,600292,XSHG,远达环保,2015-02-27,L,CNY,0.006573,0.006573,0
665,600293.XSHG,600293,XSHG,三峡新材,2015-02-27,S,CNY,,,0
666,600295.XSHG,600295,XSHG,鄂尔多斯,2015-02-27,L,CNY,-0.006336,-0.006336,0
667,600297.XSHG,600297,XSHG,广汇汽车,2015-02-27,L,CNY,-0.009133,-0.009133,0
668,600298.XSHG,600298,XSHG,安琪酵母,2015-02-27,L,CNY,0.0,0.0,0
669,600299.XSHG,600299,XSHG,安迪苏,2015-02-27,L,CNY,0.045685,0.045685,0
670,600300.XSHG,600300,XSHG,维维股份,2015-02-27,L,CNY,0.0,0.0,0
671,600301.XSHG,600301,XSHG,ST南化,2015-02-27,L,CNY,-0.016737,-0.016737,0
672,600302.XSHG,600302,XSHG,标准股份,2015-02-27,L,CNY,-0.006196,-0.006196,0
673,600303.XSHG,600303,XSHG,曙光股份,2015-02-27,L,CNY,0.100352,0.100352,0
674,600305.XSHG,600305,XSHG,恒顺醋业,2015-02-27,L,CNY,0.004709,0.004709,0
675,600306.XSHG,600306,XSHG,商业城,2015-02-27,L,CNY,0.032142,0.032142,0
676,600307.XSHG,600307,XSHG,酒钢宏兴,2015-02-27,L,CNY,0.002512,0.002512,0
677,600308.XSHG,600308,XSHG,华泰股份,2015-02-27,L,CNY,0.030905,0.030905,0
678,600309.XSHG,600309,XSHG,万华化学,2015-02-27,L,CNY,0.016728,0.016728,0
679,600310.XSHG,600310,XSHG,桂东电力,2015-02-27,L,CNY,-0.000564,-0.000564,0
680,600311.XSHG,600311,XSHG,荣华实业,2015-02-27,L,CNY,0.00909,0.00909,0
681,600312.XSHG,600312,XSHG,平高电气,2015-02-27,L,CNY,0.053552,0.053552,0
682,600313.XSHG,600313,XSHG,农发种业,2015-02-27,L,CNY,0.093203,0.093203,0
683,600315.XSHG,600315,XSHG,上海家化,2015-02-27,L,CNY,0.001841,0.001841,0
684,600316.XSHG,600316,XSHG,洪都航空,2015-02-27,L,CNY,0.027095,0.027095,0
685,600317.XSHG,600317,XSHG,营口港,2015-02-27,L,CNY,-0.002,-0.002,0
686,600318.XSHG,600318,XSHG,新力金融,2015-02-27,L,CNY,0.10024,0.10024,0
687,600319.XSHG,600319,XSHG,亚星化学,2015-02-27,L,CNY,0.048387,0.048387,0
688,600320.XSHG,600320,XSHG,振华重工,2015-02-27,L,CNY,-0.012103,-0.012103,0
689,600321.XSHG,600321,XSHG,ST正源,2015-02-27,L,CNY,-0.005306,-0.005306,0
690,600322.XSHG,600322,XSHG,天房发展,2015-02-27,L,CNY,0.013483,0.013483,0
691,600323.XSHG,600323,XSHG,瀚蓝环境,2015-02-27,L,CNY,0.0,0.0,0
692,600325.XSHG,600325,XSHG,华发股份,2015-02-27,L,CNY,-0.003797,-0.003797,0
693,600326.XSHG,600326,XSHG,西藏天路,2015-02-27,L,CNY,0.005347,0.005347,0
694,600327.XSHG,600327,XSHG,大东方,2015-02-27,L,CNY,0.005069,0.005069,0
695,600328.XSHG,600328,XSHG,兰太实业,2015-02-27,L,CNY,0.003887,0.003887,0
696,600329.XSHG,600329,XSHG,中新药业,2015-02-27,L,CNY,-0.010272,-0.010272,0
697,600330.XSHG,600330,XSHG,天通股份,2015-02-27,L,CNY,-0.008015,-0.008015,0
698,600331.XSHG,600331,XSHG,宏达股份,2015-02-27,L,CNY,0.0,0.0,0
699,600332.XSHG,600332,XSHG,白云山,2015-02-27,L,CNY,-0.014841,-0.014841,0
700,600333.XSHG,600333,XSHG,长春燃气,2015-02-27,L,CNY,0.0,0.0,0
701,600335.XSHG,600335,XSHG,国机汽车,2015-02-27,L,CNY,0.03185,0.03185,0
702,600336.XSHG,600336,XSHG,澳柯玛,2015-02-27,L,CNY,0.015126,0.015126,0
703,600337.XSHG,600337,XSHG,美克家居,2015-02-27,L,CNY,-0.006634,-0.006634,0
704,600338.XSHG,600338,XSHG,西藏珠峰,2015-02-27,L,CNY,0.049212,0.049212,0
705,600339.XSHG,600339,XSHG,中油工程,2015-02-27,L,CNY,0.0,0.0,0
706,600340.XSHG,600340,XSHG,华夏幸福,2015-02-27,L,CNY,-0.009837,-0.009837,0
707,600343.XSHG,600343,XSHG,航天动力,2015-02-27,L,CNY,0.044559,0.044559,0
708,600345.XSHG,600345,XSHG,长江通信,2015-02-27,L,CNY,0.012582,0.012582,0
709,600346.XSHG,600346,XSHG,恒力股份,2015-02-27,L,CNY,0.001088,0.001088,0
710,600348.XSHG,600348,XSHG,阳泉煤业,2015-02-27,L,CNY,0.002341,0.002341,0
711,600350.XSHG,600350,XSHG,山东高速,2015-02-27,L,CNY,0.010183,0.010183,0
712,600351.XSHG,600351,XSHG,亚宝药业,2015-02-27,S,CNY,,,0
713,600352.XSHG,600352,XSHG,浙江龙盛,2015-02-27,L,CNY,0.002028,0.002028,0
714,600353.XSHG,600353,XSHG,旭光股份,2015-02-27,L,CNY,0.018181,0.018181,0
715,600354.XSHG,600354,XSHG,敦煌种业,2015-02-27,L,CNY,0.002314,0.002314,0
716,600355.XSHG,600355,XSHG,精伦电子,2015-02-27,L,CNY,0.005928,0.005928,0
717,600356.XSHG,600356,XSHG,恒丰纸业,2015-02-27,L,CNY,0.009302,0.009302,0
718,600358.XSHG,600358,XSHG,国旅联合,2015-02-27,L,CNY,-0.016754,-0.016754,0
719,600359.XSHG,600359,XSHG,新农开发,2015-02-27,L,CNY,0.010045,0.010045,0
720,600360.XSHG,600360,XSHG,华微电子,2015-02-27,L,CNY,0.005545,0.005545,0
721,600361.XSHG,600361,XSHG,华联综超,2015-02-27,L,CNY,-0.010145,-0.010145,0
722,600362.XSHG,600362,XSHG,江西铜业,2015-02-27,L,CNY,-0.006598,-0.006598,0
723,600363.XSHG,600363,XSHG,联创光电,2015-02-27,L,CNY,0.0,0.0,0
724,600365.XSHG,600365,XSHG,通葡股份,2015-02-27,L,CNY,0.041083,0.041083,0
725,600366.XSHG,600366,XSHG,宁波韵升,2015-02-27,L,CNY,-0.005058,-0.005058,0
726,600367.XSHG,600367,XSHG,红星发展,2015-02-27,L,CNY,0.013432,0.013432,0
727,600368.XSHG,600368,XSHG,五洲交通,2015-02-27,L,CNY,0.100519,0.100519,0
728,600369.XSHG,600369,XSHG,西南证券,2015-02-27,L,CNY,-0.004114,-0.004114,0
729,600370.XSHG,600370,XSHG,三房巷,2015-02-27,L,CNY,0.014666,0.014666,0
730,600371.XSHG,600371,XSHG,万向德农,2015-02-27,L,CNY,0.011263,0.011263,0
731,600372.XSHG,600372,XSHG,中航电子,2015-02-27,L,CNY,0.023911,0.023911,0
732,600373.XSHG,600373,XSHG,中文传媒,2015-02-27,L,CNY,0.034956,0.034956,0
733,600375.XSHG,600375,XSHG,华菱星马,2015-02-27,L,CNY,0.001787,0.001787,0
734,600376.XSHG,600376,XSHG,首开股份,2015-02-27,L,CNY,-0.014479,-0.014479,0
735,600377.XSHG,600377,XSHG,宁沪高速,2015-02-27,L,CNY,0.001392,0.001392,0
736,600378.XSHG,600378,XSHG,天科股份,2015-02-27,L,CNY,-0.008125,-0.008125,0
737,600379.XSHG,600379,XSHG,宝光股份,2015-02-27,L,CNY,0.0,0.0,0
738,600380.XSHG,600380,XSHG,健康元,2015-02-27,L,CNY,0.017361,0.017361,0
739,600381.XSHG,600381,XSHG,青海春天,2015-02-27,L,CNY,0.009747,0.009747,0
740,600382.XSHG,600382,XSHG,广东明珠,2015-02-27,L,CNY,0.002569,0.002569,0
741,600383.XSHG,600383,XSHG,金地集团,2015-02-27,L,CNY,0.002116,0.002116,0
742,600385.XSHG,600385,XSHG,*ST金泰,2015-02-27,L,CNY,0.019108,0.019108,0
743,600386.XSHG,600386,XSHG,北巴传媒,2015-02-27,L,CNY,0.008216,0.008216,0
744,600387.XSHG,600387,XSHG,海越能源,2015-02-27,L,CNY,0.008086,0.008086,0
745,600388.XSHG,600388,XSHG,龙净环保,2015-02-27,L,CNY,0.010457,0.010457,0
746,600389.XSHG,600389,XSHG,江山股份,2015-02-27,L,CNY,0.001926,0.001926,0
747,600390.XSHG,600390,XSHG,五矿资本,2015-02-27,L,CNY,0.003961,0.003961,0
748,600391.XSHG,600391,XSHG,航发科技,2015-02-27,L,CNY,0.026991,0.026991,0
749,600392.XSHG,600392,XSHG,盛和资源,2015-02-27,L,CNY,-0.004597,-0.004597,0
750,600393.XSHG,600393,XSHG,粤泰股份,2015-02-27,L,CNY,-0.003862,-0.003862,0
751,600395.XSHG,600395,XSHG,盘江股份,2015-02-27,L,CNY,-0.007881,-0.007881,0
752,600396.XSHG,600396,XSHG,*ST金山,2015-02-27,L,CNY,0.014308,0.014308,0
753,600397.XSHG,600397,XSHG,安源煤业,2015-02-27,L,CNY,-0.005396,-0.005396,0
754,600398.XSHG,600398,XSHG,海澜之家,2015-02-27,L,CNY,0.0623,0.0623,0
755,600399.XSHG,600399,XSHG,ST抚钢,2015-02-27,L,CNY,0.024837,0.024837,0
756,600400.XSHG,600400,XSHG,红豆股份,2015-02-27,L,CNY,0.020833,0.020833,0
757,600401.XSHG,600401,XSHG,退市海润,2015-02-27,L,CNY,0.019867,0.019867,0
758,600403.XSHG,600403,XSHG,大有能源,2015-02-27,L,CNY,-0.003226,-0.003226,0
759,600405.XSHG,600405,XSHG,动力源,2015-02-27,L,CNY,-0.00266,-0.00266,0
760,600406.XSHG,600406,XSHG,国电南瑞,2015-02-27,L,CNY,-0.001225,-0.001225,0
761,600408.XSHG,600408,XSHG,ST安泰,2015-02-27,L,CNY,0.008379,0.008379,0
762,600409.XSHG,600409,XSHG,三友化工,2015-02-27,L,CNY,0.007471,0.007471,0
763,600410.XSHG,600410,XSHG,华胜天成,2015-02-27,L,CNY,0.005392,0.005392,0
764,600415.XSHG,600415,XSHG,小商品城,2015-02-27,L,CNY,-0.012009,-0.012009,0
765,600416.XSHG,600416,XSHG,湘电股份,2015-02-27,L,CNY,0.028781,0.028781,0
766,600418.XSHG,600418,XSHG,江淮汽车,2015-02-27,L,CNY,0.005544,0.005544,0
767,600419.XSHG,600419,XSHG,天润乳业,2015-02-27,L,CNY,0.014875,0.014875,0
768,600420.XSHG,600420,XSHG,现代制药,2015-02-27,L,CNY,-0.01573,-0.01573,0
769,600421.XSHG,600421,XSHG,*ST仰帆,2015-02-27,L,CNY,-0.008155,-0.008155,0
770,600422.XSHG,600422,XSHG,昆药集团,2015-02-27,L,CNY,0.001865,0.001865,0
771,600423.XSHG,600423,XSHG,*ST柳化,2015-02-27,S,CNY,,,0
772,600425.XSHG,600425,XSHG,青松建化,2015-02-27,L,CNY,0.0,0.0,0
773,600426.XSHG,600426,XSHG,华鲁恒升,2015-02-27,L,CNY,-0.007306,-0.007306,0
774,600428.XSHG,600428,XSHG,中远海特,2015-02-27,L,CNY,0.004636,0.004636,0
775,600429.XSHG,600429,XSHG,三元股份,2015-02-27,L,CNY,-0.017472,-0.017472,0
776,600433.XSHG,600433,XSHG,冠豪高新,2015-02-27,L,CNY,-0.001289,-0.001289,0
777,600435.XSHG,600435,XSHG,北方导航,2015-02-27,L,CNY,0.018376,0.018376,0
778,600436.XSHG,600436,XSHG,片仔癀,2015-02-27,L,CNY,0.002903,0.002903,0
779,600438.XSHG,600438,XSHG,通威股份,2015-02-27,S,CNY,,,0
780,600439.XSHG,600439,XSHG,瑞贝卡,2015-02-27,L,CNY,0.00594,0.00594,0
781,600444.XSHG,600444,XSHG,国机通用,2015-02-27,L,CNY,-0.009152,-0.009152,0
782,600446.XSHG,600446,XSHG,金证股份,2015-02-27,L,CNY,0.020967,0.020967,0
783,600448.XSHG,600448,XSHG,华纺股份,2015-02-27,L,CNY,0.00282,0.00282,0
784,600449.XSHG,600449,XSHG,宁夏建材,2015-02-27,L,CNY,-0.001706,-0.001706,0
785,600452.XSHG,600452,XSHG,涪陵电力,2015-02-27,L,CNY,0.013914,0.013914,0
786,600455.XSHG,600455,XSHG,博通股份,2015-02-27,L,CNY,0.006226,0.006226,0
787,600456.XSHG,600456,XSHG,宝钛股份,2015-02-27,L,CNY,0.001644,0.001644,0
788,600458.XSHG,600458,XSHG,时代新材,2015-02-27,L,CNY,-0.004085,-0.004085,0
789,600459.XSHG,600459,XSHG,贵研铂业,2015-02-27,L,CNY,-0.001952,-0.001952,0
790,600460.XSHG,600460,XSHG,士兰微,2015-02-27,L,CNY,0.007407,0.007407,0
791,600461.XSHG,600461,XSHG,洪城水业,2015-02-27,S,CNY,,,0
792,600462.XSHG,600462,XSHG,*ST九有,2015-02-27,L,CNY,-0.006776,-0.006776,0
793,600463.XSHG,600463,XSHG,空港股份,2015-02-27,L,CNY,-0.000915,-0.000915,0
794,600466.XSHG,600466,XSHG,蓝光发展,2015-02-27,L,CNY,-0.001073,-0.001073,0
795,600467.XSHG,600467,XSHG,好当家,2015-02-27,L,CNY,-0.004458,-0.004458,0
796,600468.XSHG,600468,XSHG,百利电气,2015-02-27,L,CNY,-0.000712,-0.000712,0
797,600469.XSHG,600469,XSHG,风神股份,2015-02-27,L,CNY,-0.001961,-0.001961,0
798,600470.XSHG,600470,XSHG,六国化工,2015-02-27,L,CNY,0.007623,0.007623,0
799,600475.XSHG,600475,XSHG,华光股份,2015-02-27,S,CNY,,,0
800,600476.XSHG,600476,XSHG,湘邮科技,2015-02-27,L,CNY,-0.001267,-0.001267,0
801,600477.XSHG,600477,XSHG,杭萧钢构,2015-02-27,L,CNY,-0.00319,-0.00319,0
802,600478.XSHG,600478,XSHG,科力远,2015-02-27,L,CNY,-0.003497,-0.003497,0
803,600479.XSHG,600479,XSHG,千金药业,2015-02-27,L,CNY,-0.016907,-0.016907,0
804,600480.XSHG,600480,XSHG,凌云股份,2015-02-27,L,CNY,0.024258,0.024258,0
805,600481.XSHG,600481,XSHG,双良节能,2015-02-27,S,CNY,,,0
806,600482.XSHG,600482,XSHG,中国动力,2015-02-27,L,CNY,0.010169,0.010169,0
807,600483.XSHG,600483,XSHG,福能股份,2015-02-27,L,CNY,0.002964,0.002964,0
808,600485.XSHG,600485,XSHG,*ST信威,2015-02-27,L,CNY,0.010181,0.010181,0
809,600486.XSHG,600486,XSHG,扬农化工,2015-02-27,L,CNY,0.021225,0.021225,0
810,600487.XSHG,600487,XSHG,亨通光电,2015-02-27,L,CNY,0.056157,0.056157,0
811,600488.XSHG,600488,XSHG,天药股份,2015-02-27,L,CNY,0.004934,0.004934,0
812,600489.XSHG,600489,XSHG,中金黄金,2015-02-27,L,CNY,0.006092,0.006092,0
813,600490.XSHG,600490,XSHG,鹏欣资源,2015-02-27,L,CNY,-0.017468,-0.017468,0
814,600491.XSHG,600491,XSHG,龙元建设,2015-02-27,L,CNY,-0.006994,-0.006994,0
815,600493.XSHG,600493,XSHG,凤竹纺织,2015-02-27,L,CNY,-0.00666,-0.00666,0
816,600495.XSHG,600495,XSHG,晋西车轴,2015-02-27,L,CNY,-0.01623,-0.01623,0
817,600496.XSHG,600496,XSHG,精工钢构,2015-02-27,L,CNY,0.000812,0.000812,0
818,600497.XSHG,600497,XSHG,驰宏锌锗,2015-02-27,L,CNY,-0.006114,-0.006114,0
819,600498.XSHG,600498,XSHG,烽火通信,2015-02-27,L,CNY,0.063305,0.063305,0
820,600499.XSHG,600499,XSHG,科达洁能,2015-02-27,L,CNY,0.00353,0.00353,0
821,600500.XSHG,600500,XSHG,中化国际,2015-02-27,L,CNY,-0.002907,-0.002907,0
822,600501.XSHG,600501,XSHG,航天晨光,2015-02-27,L,CNY,0.028043,0.028043,0
823,600502.XSHG,600502,XSHG,安徽水利,2015-02-27,L,CNY,0.016067,0.016067,0
824,600503.XSHG,600503,XSHG,华丽家族,2015-02-27,S,CNY,,,0
825,600505.XSHG,600505,XSHG,西昌电力,2015-02-27,L,CNY,-0.002009,-0.002009,0
826,600506.XSHG,600506,XSHG,香梨股份,2015-02-27,L,CNY,0.0,0.0,0
827,600507.XSHG,600507,XSHG,方大特钢,2015-02-27,L,CNY,0.007677,0.007677,0
828,600508.XSHG,600508,XSHG,上海能源,2015-02-27,L,CNY,-0.001829,-0.001829,0
829,600509.XSHG,600509,XSHG,天富能源,2015-02-27,L,CNY,0.001886,0.001886,0
830,600510.XSHG,600510,XSHG,黑牡丹,2015-02-27,L,CNY,0.039179,0.039179,0
831,600511.XSHG,600511,XSHG,国药股份,2015-02-27,L,CNY,-0.001819,-0.001819,0
832,600512.XSHG,600512,XSHG,腾达建设,2015-02-27,L,CNY,-0.004843,-0.004843,0
833,600513.XSHG,600513,XSHG,联环药业,2015-02-27,L,CNY,0.024509,0.024509,0
834,600515.XSHG,600515,XSHG,海航基础,2015-02-27,L,CNY,0.005636,0.005636,0
835,600516.XSHG,600516,XSHG,方大炭素,2015-02-27,L,CNY,0.004578,0.004578,0
836,600517.XSHG,600517,XSHG,置信电气,2015-02-27,L,CNY,0.001749,0.001749,0
837,600518.XSHG,600518,XSHG,ST康美,2015-02-27,L,CNY,0.052068,0.052068,0
838,600519.XSHG,600519,XSHG,贵州茅台,2015-02-27,L,CNY,0.023628,0.023628,0
839,600520.XSHG,600520,XSHG,文一科技,2015-02-27,L,CNY,0.020763,0.020763,0
840,600521.XSHG,600521,XSHG,华海药业,2015-02-27,L,CNY,-0.004858,-0.004858,0
841,600522.XSHG,600522,XSHG,中天科技,2015-02-27,L,CNY,0.009615,0.009615,0
842,600523.XSHG,600523,XSHG,贵航股份,2015-02-27,L,CNY,0.001117,0.001117,0
843,600525.XSHG,600525,XSHG,长园集团,2015-02-27,L,CNY,-0.002374,-0.002374,0
844,600526.XSHG,600526,XSHG,*ST菲达,2015-02-27,L,CNY,0.027062,0.027062,0
845,600527.XSHG,600527,XSHG,江南高纤,2015-02-27,L,CNY,0.018329,0.018329,0
846,600528.XSHG,600528,XSHG,中铁工业,2015-02-27,L,CNY,0.09995,0.09995,0
847,600529.XSHG,600529,XSHG,山东药玻,2015-02-27,L,CNY,-0.00292,-0.00292,0
848,600530.XSHG,600530,XSHG,交大昂立,2015-02-27,L,CNY,-0.008818,-0.008818,0
849,600531.XSHG,600531,XSHG,豫光金铅,2015-02-27,L,CNY,0.0029,0.0029,0
850,600532.XSHG,600532,XSHG,宏达矿业,2015-02-27,L,CNY,0.018292,0.018292,0
851,600533.XSHG,600533,XSHG,栖霞建设,2015-02-27,L,CNY,0.017467,0.017467,0
852,600535.XSHG,600535,XSHG,天士力,2015-02-27,L,CNY,-0.011453,-0.011453,0
853,600536.XSHG,600536,XSHG,中国软件,2015-02-27,L,CNY,0.004566,0.004566,0
854,600537.XSHG,600537,XSHG,亿晶光电,2015-02-27,L,CNY,0.001351,0.001351,0
855,600538.XSHG,600538,XSHG,国发股份,2015-02-27,S,CNY,,,0
856,600539.XSHG,600539,XSHG,ST狮头,2015-02-27,L,CNY,-0.009914,-0.009914,0
857,600540.XSHG,600540,XSHG,新赛股份,2015-02-27,L,CNY,-0.001089,-0.001089,0
858,600543.XSHG,600543,XSHG,莫高股份,2015-02-27,L,CNY,0.006862,0.006862,0
859,600545.XSHG,600545,XSHG,卓郎智能,2015-02-27,L,CNY,-0.008629,-0.008629,0
860,600546.XSHG,600546,XSHG,山煤国际,2015-02-27,L,CNY,-0.001981,-0.001981,0
861,600547.XSHG,600547,XSHG,山东黄金,2015-02-27,L,CNY,0.023571,0.023571,0
862,600548.XSHG,600548,XSHG,深高速,2015-02-27,L,CNY,-0.003632,-0.003632,0
863,600549.XSHG,600549,XSHG,厦门钨业,2015-02-27,L,CNY,-0.000933,-0.000933,0
864,600550.XSHG,600550,XSHG,保变电气,2015-02-27,L,CNY,0.035842,0.035842,0
865,600551.XSHG,600551,XSHG,时代出版,2015-02-27,L,CNY,0.013237,0.013237,0
866,600552.XSHG,600552,XSHG,凯盛科技,2015-02-27,S,CNY,,,0
867,600555.XSHG,600555,XSHG,海航创新,2015-02-27,L,CNY,0.001447,0.001447,0
868,600556.XSHG,600556,XSHG,ST慧球,2015-02-27,L,CNY,0.003665,0.003665,0
869,600557.XSHG,600557,XSHG,康缘药业,2015-02-27,L,CNY,-0.002051,-0.002051,0
870,600558.XSHG,600558,XSHG,大西洋,2015-02-27,L,CNY,0.001967,0.001967,0
871,600559.XSHG,600559,XSHG,老白干酒,2015-02-27,L,CNY,0.000652,0.000652,0
872,600560.XSHG,600560,XSHG,金自天正,2015-02-27,L,CNY,0.028759,0.028759,0
873,600561.XSHG,600561,XSHG,江西长运,2015-02-27,L,CNY,-0.015898,-0.015898,0
874,600562.XSHG,600562,XSHG,国睿科技,2015-02-27,L,CNY,0.024511,0.024511,0
875,600563.XSHG,600563,XSHG,法拉电子,2015-02-27,L,CNY,0.003347,0.003347,0
876,600565.XSHG,600565,XSHG,迪马股份,2015-02-27,L,CNY,0.004942,0.004942,0
877,600566.XSHG,600566,XSHG,济川药业,2015-02-27,L,CNY,0.001453,0.001453,0
878,600567.XSHG,600567,XSHG,山鹰纸业,2015-02-27,L,CNY,-0.003598,-0.003598,0
879,600568.XSHG,600568,XSHG,中珠医疗,2015-02-27,L,CNY,0.000636,0.000636,0
880,600569.XSHG,600569,XSHG,安阳钢铁,2015-02-27,L,CNY,-0.003068,-0.003068,0
881,600570.XSHG,600570,XSHG,恒生电子,2015-02-27,L,CNY,0.015745,0.015745,0
882,600571.XSHG,600571,XSHG,信雅达,2015-02-27,L,CNY,-0.002643,-0.002643,0
883,600572.XSHG,600572,XSHG,康恩贝,2015-02-27,L,CNY,0.011848,0.011848,0
884,600573.XSHG,600573,XSHG,惠泉啤酒,2015-02-27,L,CNY,0.022549,0.022549,0
885,600575.XSHG,600575,XSHG,皖江物流,2015-02-27,S,CNY,,,0
886,600576.XSHG,600576,XSHG,祥源文化,2015-02-27,L,CNY,0.008844,0.008844,0
887,600577.XSHG,600577,XSHG,精达股份,2015-02-27,L,CNY,0.038857,0.038857,0
888,600578.XSHG,600578,XSHG,京能电力,2015-02-27,L,CNY,0.0,0.0,0
889,600579.XSHG,600579,XSHG,天华院,2015-02-27,L,CNY,0.011656,0.011656,0
890,600580.XSHG,600580,XSHG,卧龙电驱,2015-02-27,L,CNY,0.013404,0.013404,0
891,600581.XSHG,600581,XSHG,八一钢铁,2015-02-27,L,CNY,0.022857,0.022857,0
892,600582.XSHG,600582,XSHG,天地科技,2015-02-27,L,CNY,-0.00432,-0.00432,0
893,600583.XSHG,600583,XSHG,海油工程,2015-02-27,L,CNY,-0.001031,-0.001031,0
894,600584.XSHG,600584,XSHG,长电科技,2015-02-27,L,CNY,-0.009434,-0.009434,0
895,600585.XSHG,600585,XSHG,海螺水泥,2015-02-27,L,CNY,-0.007325,-0.007325,0
896,600586.XSHG,600586,XSHG,金晶科技,2015-02-27,L,CNY,0.002531,0.002531,0
897,600587.XSHG,600587,XSHG,新华医疗,2015-02-27,L,CNY,0.005537,0.005537,0
898,600588.XSHG,600588,XSHG,用友网络,2015-02-27,L,CNY,-0.001505,-0.001505,0
899,600589.XSHG,600589,XSHG,广东榕泰,2015-02-27,L,CNY,0.00583,0.00583,0
900,600590.XSHG,600590,XSHG,泰豪科技,2015-02-27,L,CNY,0.003341,0.003341,0
901,600592.XSHG,600592,XSHG,龙溪股份,2015-02-27,L,CNY,0.004448,0.004448,0
902,600593.XSHG,600593,XSHG,大连圣亚,2015-02-27,L,CNY,0.030418,0.030418,0
903,600594.XSHG,600594,XSHG,益佰制药,2015-02-27,L,CNY,-0.013306,-0.013306,0
904,600595.XSHG,600595,XSHG,*ST中孚,2015-02-27,L,CNY,0.005226,0.005226,0
905,600596.XSHG,600596,XSHG,新安股份,2015-02-27,L,CNY,-0.006212,-0.006212,0
906,600597.XSHG,600597,XSHG,光明乳业,2015-02-27,L,CNY,0.006145,0.006145,0
907,600598.XSHG,600598,XSHG,北大荒,2015-02-27,L,CNY,-0.007881,-0.007881,0
908,600599.XSHG,600599,XSHG,熊猫金控,2015-02-27,L,CNY,-0.000696,-0.000696,0
909,600600.XSHG,600600,XSHG,青岛啤酒,2015-02-27,L,CNY,-0.005956,-0.005956,0
910,600601.XSHG,600601,XSHG,方正科技,2015-02-27,L,CNY,0.004942,0.004942,0
911,600602.XSHG,600602,XSHG,云赛智联,2015-02-27,L,CNY,0.040103,0.040103,0
912,600603.XSHG,600603,XSHG,广汇物流,2015-02-27,L,CNY,-0.001124,-0.001124,0
913,600604.XSHG,600604,XSHG,市北高新,2015-02-27,L,CNY,0.099927,0.099927,0
914,600605.XSHG,600605,XSHG,汇通能源,2015-02-27,L,CNY,0.013718,0.013718,0
915,600606.XSHG,600606,XSHG,绿地控股,2015-02-27,L,CNY,0.004934,0.004934,0
916,600608.XSHG,600608,XSHG,ST沪科,2015-02-27,L,CNY,0.01353,0.01353,0
917,600609.XSHG,600609,XSHG,金杯汽车,2015-02-27,L,CNY,-0.009479,-0.009479,0
918,600610.XSHG,600610,XSHG,*ST毅达,2015-02-27,L,CNY,-0.004619,-0.004619,0
919,600611.XSHG,600611,XSHG,大众交通,2015-02-27,L,CNY,0.040104,0.040104,0
920,600612.XSHG,600612,XSHG,老凤祥,2015-02-27,L,CNY,-0.004059,-0.004059,0
921,600613.XSHG,600613,XSHG,神奇制药,2015-02-27,L,CNY,-0.002149,-0.002149,0
922,600614.XSHG,600614,XSHG,*ST鹏起,2015-02-27,L,CNY,-0.009769,-0.009769,0
923,600615.XSHG,600615,XSHG,ST丰华,2015-02-27,L,CNY,0.010053,0.010053,0
924,600616.XSHG,600616,XSHG,金枫酒业,2015-02-27,L,CNY,0.006743,0.006743,0
925,600617.XSHG,600617,XSHG,国新能源,2015-02-27,L,CNY,0.04598,0.04598,0
926,600618.XSHG,600618,XSHG,氯碱化工,2015-02-27,L,CNY,-0.013674,-0.013674,0
927,600619.XSHG,600619,XSHG,海立股份,2015-02-27,L,CNY,0.007186,0.007186,0
928,600620.XSHG,600620,XSHG,天宸股份,2015-02-27,L,CNY,-0.010351,-0.010351,0
929,600621.XSHG,600621,XSHG,华鑫股份,2015-02-27,L,CNY,0.010186,0.010186,0
930,600622.XSHG,600622,XSHG,光大嘉宝,2015-02-27,L,CNY,0.0,0.0,0
931,600623.XSHG,600623,XSHG,华谊集团,2015-02-27,S,CNY,,,0
932,600624.XSHG,600624,XSHG,复旦复华,2015-02-27,L,CNY,0.014978,0.014978,0
933,600626.XSHG,600626,XSHG,申达股份,2015-02-27,L,CNY,0.028057,0.028057,0
934,600628.XSHG,600628,XSHG,新世界,2015-02-27,L,CNY,0.044158,0.044158,0
935,600629.XSHG,600629,XSHG,华建集团,2015-02-27,L,CNY,0.017738,0.017738,0
936,600630.XSHG,600630,XSHG,龙头股份,2015-02-27,L,CNY,0.004376,0.004376,0
937,600633.XSHG,600633,XSHG,浙数文化,2015-02-27,L,CNY,0.006578,0.006578,0
938,600634.XSHG,600634,XSHG,*ST富控,2015-02-27,L,CNY,0.046493,0.046493,0
939,600635.XSHG,600635,XSHG,大众公用,2015-02-27,L,CNY,0.02985,0.02985,0
940,600636.XSHG,600636,XSHG,三爱富,2015-02-27,L,CNY,-0.003214,-0.003214,0
941,600637.XSHG,600637,XSHG,东方明珠,2015-02-27,L,CNY,0.003318,0.003318,0
942,600638.XSHG,600638,XSHG,新黄浦,2015-02-27,L,CNY,-0.004687,-0.004687,0
943,600639.XSHG,600639,XSHG,浦东金桥,2015-02-27,L,CNY,-0.001223,-0.001223,0
944,600640.XSHG,600640,XSHG,号百控股,2015-02-27,L,CNY,0.006313,0.006313,0
945,600641.XSHG,600641,XSHG,万业企业,2015-02-27,L,CNY,-0.003253,-0.003253,0
946,600642.XSHG,600642,XSHG,申能股份,2015-02-27,L,CNY,-0.016151,-0.016151,0
947,600643.XSHG,600643,XSHG,爱建集团,2015-02-27,L,CNY,0.006474,0.006474,0
948,600644.XSHG,600644,XSHG,乐山电力,2015-02-27,L,CNY,0.01094,0.01094,0
949,600645.XSHG,600645,XSHG,中源协和,2015-02-27,L,CNY,0.018572,0.018572,0
950,600647.XSHG,600647,XSHG,同达创业,2015-02-27,L,CNY,0.044272,0.044272,0
951,600648.XSHG,600648,XSHG,外高桥,2015-02-27,L,CNY,-0.001257,-0.001257,0
952,600649.XSHG,600649,XSHG,城投控股,2015-02-27,S,CNY,,,0
953,600650.XSHG,600650,XSHG,锦江投资,2015-02-27,L,CNY,0.013142,0.013142,0
954,600651.XSHG,600651,XSHG,飞乐音响,2015-02-27,L,CNY,0.041372,0.041372,0
955,600652.XSHG,600652,XSHG,*ST游久,2015-02-27,L,CNY,0.100106,0.100106,0
956,600653.XSHG,600653,XSHG,申华控股,2015-02-27,L,CNY,-0.008288,-0.008288,0
957,600654.XSHG,600654,XSHG,*ST中安,2015-02-27,S,CNY,,,0
958,600655.XSHG,600655,XSHG,豫园股份,2015-02-27,L,CNY,-0.00301,-0.00301,0
959,600657.XSHG,600657,XSHG,信达地产,2015-02-27,L,CNY,0.0,0.0,0
960,600658.XSHG,600658,XSHG,电子城,2015-02-27,L,CNY,0.0,0.0,0
961,600660.XSHG,600660,XSHG,福耀玻璃,2015-02-27,L,CNY,-0.011289,-0.011289,0
962,600661.XSHG,600661,XSHG,昂立教育,2015-02-27,L,CNY,0.010223,0.010223,0
963,600662.XSHG,600662,XSHG,强生控股,2015-02-27,L,CNY,0.001814,0.001814,0
964,600663.XSHG,600663,XSHG,陆家嘴,2015-02-27,L,CNY,0.002291,0.002291,0
965,600664.XSHG,600664,XSHG,哈药股份,2015-02-27,L,CNY,0.006198,0.006198,0
966,600665.XSHG,600665,XSHG,天地源,2015-02-27,L,CNY,-0.01226,-0.01226,0
967,600666.XSHG,600666,XSHG,*ST瑞德,2015-02-27,L,CNY,0.056684,0.056684,0
968,600667.XSHG,600667,XSHG,太极实业,2015-02-27,S,CNY,,,0
969,600668.XSHG,600668,XSHG,尖峰集团,2015-02-27,L,CNY,-0.004419,-0.004419,0
970,600671.XSHG,600671,XSHG,天目药业,2015-02-27,L,CNY,-0.009771,-0.009771,0
971,600673.XSHG,600673,XSHG,东阳光,2015-02-27,L,CNY,0.0,0.0,0
972,600674.XSHG,600674,XSHG,川投能源,2015-02-27,L,CNY,0.017978,0.017978,0
973,600675.XSHG,600675,XSHG,中华企业,2015-02-27,L,CNY,0.016442,0.016442,0
974,600676.XSHG,600676,XSHG,交运股份,2015-02-27,L,CNY,0.002926,0.002926,0
975,600677.XSHG,600677,XSHG,航天通信,2015-02-27,S,CNY,,,0
976,600678.XSHG,600678,XSHG,四川金顶,2015-02-27,L,CNY,0.017988,0.017988,0
977,600679.XSHG,600679,XSHG,上海凤凰,2015-02-27,S,CNY,,,0
978,600681.XSHG,600681,XSHG,百川能源,2015-02-27,L,CNY,0.024236,0.024236,0
979,600682.XSHG,600682,XSHG,南京新百,2015-02-27,L,CNY,0.010621,0.010621,0
980,600683.XSHG,600683,XSHG,京投发展,2015-02-27,L,CNY,0.0,0.0,0
981,600684.XSHG,600684,XSHG,珠江实业,2015-02-27,L,CNY,-0.026407,-0.026407,0
982,600685.XSHG,600685,XSHG,中船防务,2015-02-27,L,CNY,0.009653,0.009653,0
983,600686.XSHG,600686,XSHG,金龙汽车,2015-02-27,L,CNY,0.032702,0.032702,0
984,600687.XSHG,600687,XSHG,*ST刚泰,2015-02-27,S,CNY,,,0
985,600688.XSHG,600688,XSHG,上海石化,2015-02-27,L,CNY,0.099307,0.099307,0
986,600689.XSHG,600689,XSHG,上海三毛,2015-02-27,L,CNY,0.002683,0.002683,0
987,600690.XSHG,600690,XSHG,青岛海尔,2015-02-27,L,CNY,0.0,0.0,0
988,600691.XSHG,600691,XSHG,阳煤化工,2015-02-27,L,CNY,0.004089,0.004089,0
989,600692.XSHG,600692,XSHG,亚通股份,2015-02-27,L,CNY,0.000858,0.000858,0
990,600693.XSHG,600693,XSHG,东百集团,2015-02-27,L,CNY,0.026732,0.026732,0
991,600694.XSHG,600694,XSHG,大商股份,2015-02-27,L,CNY,-0.006267,-0.006267,0
992,600695.XSHG,600695,XSHG,绿庭投资,2015-02-27,L,CNY,0.002587,0.002587,0
993,600696.XSHG,600696,XSHG,ST岩石,2015-02-27,L,CNY,-0.001065,-0.001065,0
994,600697.XSHG,600697,XSHG,欧亚集团,2015-02-27,L,CNY,0.003427,0.003427,0
995,600698.XSHG,600698,XSHG,*ST天雁,2015-02-27,L,CNY,0.00487,0.00487,0
996,600699.XSHG,600699,XSHG,均胜电子,2015-02-27,L,CNY,0.017094,0.017094,0
997,600701.XSHG,600701,XSHG,*ST工新,2015-02-27,S,CNY,,,0
998,600702.XSHG,600702,XSHG,舍得酒业,2015-02-27,L,CNY,0.071584,0.071584,0
999,600703.XSHG,600703,XSHG,三安光电,2015-02-27,L,CNY,-0.018224,-0.018224,0
1000,600704.XSHG,600704,XSHG,物产中大,2015-02-27,L,CNY,0.10028,0.10028,0
1001,600705.XSHG,600705,XSHG,中航资本,2015-02-27,L,CNY,0.003365,0.003365,0
1002,600706.XSHG,600706,XSHG,曲江文旅,2015-02-27,L,CNY,0.009036,0.009036,0
1003,600707.XSHG,600707,XSHG,彩虹股份,2015-02-27,L,CNY,0.045325,0.045325,0
1004,600708.XSHG,600708,XSHG,光明地产,2015-02-27,L,CNY,0.002454,0.002454,0
1005,600710.XSHG,600710,XSHG,苏美达,2015-02-27,L,CNY,-0.013109,-0.013109,0
1006,600711.XSHG,600711,XSHG,盛屯矿业,2015-02-27,L,CNY,0.099773,0.099773,0
1007,600712.XSHG,600712,XSHG,南宁百货,2015-02-27,L,CNY,0.011023,0.011023,0
1008,600713.XSHG,600713,XSHG,南京医药,2015-02-27,L,CNY,0.0,0.0,0
1009,600714.XSHG,600714,XSHG,金瑞矿业,2015-02-27,S,CNY,,,0
1010,600715.XSHG,600715,XSHG,文投控股,2015-02-27,L,CNY,0.009379,0.009379,0
1011,600716.XSHG,600716,XSHG,凤凰股份,2015-02-27,L,CNY,0.00556,0.00556,0
1012,600717.XSHG,600717,XSHG,天津港,2015-02-27,L,CNY,0.002718,0.002718,0
1013,600718.XSHG,600718,XSHG,东软集团,2015-02-27,L,CNY,0.010014,0.010014,0
1014,600719.XSHG,600719,XSHG,大连热电,2015-02-27,L,CNY,0.005364,0.005364,0
1015,600720.XSHG,600720,XSHG,祁连山,2015-02-27,L,CNY,-0.006757,-0.006757,0
1016,600721.XSHG,600721,XSHG,*ST百花,2015-02-27,L,CNY,0.0,0.0,0
1017,600722.XSHG,600722,XSHG,金牛化工,2015-02-27,L,CNY,0.012773,0.012773,0
1018,600723.XSHG,600723,XSHG,首商股份,2015-02-27,L,CNY,0.0,0.0,0
1019,600724.XSHG,600724,XSHG,宁波富达,2015-02-27,L,CNY,0.003731,0.003731,0
1020,600725.XSHG,600725,XSHG,ST云维,2015-02-27,S,CNY,,,0
1021,600726.XSHG,600726,XSHG,*ST华源,2015-02-27,L,CNY,0.0,0.0,0
1022,600727.XSHG,600727,XSHG,鲁北化工,2015-02-27,L,CNY,0.019575,0.019575,0
1023,600728.XSHG,600728,XSHG,佳都科技,2015-02-27,L,CNY,0.01125,0.01125,0
1024,600729.XSHG,600729,XSHG,重庆百货,2015-02-27,L,CNY,-0.008191,-0.008191,0
1025,600730.XSHG,600730,XSHG,中国高科,2015-02-27,L,CNY,0.001647,0.001647,0
1026,600731.XSHG,600731,XSHG,湖南海利,2015-02-27,L,CNY,0.006681,0.006681,0
1027,600732.XSHG,600732,XSHG,ST新梅,2015-02-27,L,CNY,0.00139,0.00139,0
1028,600733.XSHG,600733,XSHG,北汽蓝谷,2015-02-27,L,CNY,0.012658,0.012658,0
1029,600734.XSHG,600734,XSHG,实达集团,2015-02-27,L,CNY,0.014234,0.014234,0
1030,600735.XSHG,600735,XSHG,新华锦,2015-02-27,L,CNY,0.0,0.0,0
1031,600736.XSHG,600736,XSHG,苏州高新,2015-02-27,L,CNY,0.013769,0.013769,0
1032,600737.XSHG,600737,XSHG,中粮糖业,2015-02-27,L,CNY,0.028571,0.028571,0
1033,600738.XSHG,600738,XSHG,兰州民百,2015-02-27,L,CNY,0.002531,0.002531,0
1034,600739.XSHG,600739,XSHG,辽宁成大,2015-02-27,L,CNY,-0.01227,-0.01227,0
1035,600740.XSHG,600740,XSHG,山西焦化,2015-02-27,L,CNY,0.017964,0.017964,0
1036,600741.XSHG,600741,XSHG,华域汽车,2015-02-27,L,CNY,-0.008621,-0.008621,0
1037,600742.XSHG,600742,XSHG,一汽富维,2015-02-27,L,CNY,-0.000945,-0.000945,0
1038,600743.XSHG,600743,XSHG,华远地产,2015-02-27,L,CNY,0.0,0.0,0
1039,600744.XSHG,600744,XSHG,华银电力,2015-02-27,L,CNY,0.001949,0.001949,0
1040,600745.XSHG,600745,XSHG,闻泰科技,2015-02-27,S,CNY,,,0
1041,600746.XSHG,600746,XSHG,江苏索普,2015-02-27,L,CNY,0.003667,0.003667,0
1042,600747.XSHG,600747,XSHG,*ST大控,2015-02-27,S,CNY,,,0
1043,600748.XSHG,600748,XSHG,上实发展,2015-02-27,L,CNY,-0.003237,-0.003237,0
1044,600749.XSHG,600749,XSHG,西藏旅游,2015-02-27,S,CNY,,,0
1045,600750.XSHG,600750,XSHG,江中药业,2015-02-27,L,CNY,0.006451,0.006451,0
1046,600751.XSHG,600751,XSHG,海航科技,2015-02-27,L,CNY,0.002411,0.002411,0
1047,600753.XSHG,600753,XSHG,东方银星,2015-02-27,L,CNY,0.000585,0.000585,0
1048,600754.XSHG,600754,XSHG,锦江股份,2015-02-27,L,CNY,-0.000746,-0.000746,0
1049,600755.XSHG,600755,XSHG,厦门国贸,2015-02-27,L,CNY,-0.011953,-0.011953,0
1050,600756.XSHG,600756,XSHG,浪潮软件,2015-02-27,S,CNY,,,0
1051,600757.XSHG,600757,XSHG,长江传媒,2015-02-27,L,CNY,0.020169,0.020169,0
1052,600758.XSHG,600758,XSHG,红阳能源,2015-02-27,L,CNY,-0.001061,-0.001061,0
1053,600759.XSHG,600759,XSHG,洲际油气,2015-02-27,S,CNY,,,0
1054,600760.XSHG,600760,XSHG,中航沈飞,2015-02-27,L,CNY,0.024871,0.024871,0
1055,600761.XSHG,600761,XSHG,安徽合力,2015-02-27,L,CNY,-0.013132,-0.013132,0
1056,600763.XSHG,600763,XSHG,通策医疗,2015-02-27,L,CNY,0.003184,0.003184,0
1057,600764.XSHG,600764,XSHG,中国海防,2015-02-27,L,CNY,0.008504,0.008504,0
1058,600765.XSHG,600765,XSHG,中航重机,2015-02-27,L,CNY,0.010503,0.010503,0
1059,600766.XSHG,600766,XSHG,园城黄金,2015-02-27,S,CNY,,,0
1060,600767.XSHG,600767,XSHG,ST运盛,2015-02-27,L,CNY,0.017475,0.017475,0
1061,600768.XSHG,600768,XSHG,宁波富邦,2015-02-27,L,CNY,-0.007771,-0.007771,0
1062,600769.XSHG,600769,XSHG,祥龙电业,2015-02-27,L,CNY,0.004474,0.004474,0
1063,600770.XSHG,600770,XSHG,综艺股份,2015-02-27,L,CNY,0.01684,0.01684,0
1064,600771.XSHG,600771,XSHG,广誉远,2015-02-27,L,CNY,-0.007076,-0.007076,0
1065,600773.XSHG,600773,XSHG,西藏城投,2015-02-27,L,CNY,0.0,0.0,0
1066,600774.XSHG,600774,XSHG,汉商集团,2015-02-27,L,CNY,-0.00304,-0.00304,0
1067,600775.XSHG,600775,XSHG,南京熊猫,2015-02-27,L,CNY,0.002276,0.002276,0
1068,600776.XSHG,600776,XSHG,东方通信,2015-02-27,L,CNY,0.015075,0.015075,0
1069,600777.XSHG,600777,XSHG,新潮能源,2015-02-27,S,CNY,,,0
1070,600778.XSHG,600778,XSHG,友好集团,2015-02-27,L,CNY,0.009336,0.009336,0
1071,600779.XSHG,600779,XSHG,水井坊,2015-02-27,L,CNY,0.00655,0.00655,0
1072,600780.XSHG,600780,XSHG,通宝能源,2015-02-27,L,CNY,0.029275,0.029275,0
1073,600781.XSHG,600781,XSHG,辅仁药业,2015-02-27,L,CNY,0.027821,0.027821,0
1074,600782.XSHG,600782,XSHG,新钢股份,2015-02-27,L,CNY,0.021705,0.021705,0
1075,600783.XSHG,600783,XSHG,鲁信创投,2015-02-27,L,CNY,0.02237,0.02237,0
1076,600784.XSHG,600784,XSHG,鲁银投资,2015-02-27,L,CNY,-0.008272,-0.008272,0
1077,600785.XSHG,600785,XSHG,新华百货,2015-02-27,L,CNY,0.0,0.0,0
1078,600787.XSHG,600787,XSHG,中储股份,2015-02-27,L,CNY,0.010256,0.010256,0
1079,600789.XSHG,600789,XSHG,鲁抗医药,2015-02-27,L,CNY,0.003409,0.003409,0
1080,600790.XSHG,600790,XSHG,轻纺城,2015-02-27,L,CNY,-0.004401,-0.004401,0
1081,600791.XSHG,600791,XSHG,京能置业,2015-02-27,L,CNY,0.004398,0.004398,0
1082,600792.XSHG,600792,XSHG,云煤能源,2015-02-27,L,CNY,0.007363,0.007363,0
1083,600793.XSHG,600793,XSHG,宜宾纸业,2015-02-27,L,CNY,0.006245,0.006245,0
1084,600794.XSHG,600794,XSHG,保税科技,2015-02-27,L,CNY,-0.000666,-0.000666,0
1085,600795.XSHG,600795,XSHG,国电电力,2015-02-27,L,CNY,0.0,0.0,0
1086,600796.XSHG,600796,XSHG,钱江生化,2015-02-27,L,CNY,-0.011043,-0.011043,0
1087,600797.XSHG,600797,XSHG,浙大网新,2015-02-27,S,CNY,,,0
1088,600798.XSHG,600798,XSHG,宁波海运,2015-02-27,L,CNY,0.0,0.0,0
1089,600800.XSHG,600800,XSHG,天津磁卡,2015-02-27,L,CNY,0.100709,0.100709,0
1090,600801.XSHG,600801,XSHG,华新水泥,2015-02-27,L,CNY,0.004123,0.004123,0
1091,600802.XSHG,600802,XSHG,福建水泥,2015-02-27,L,CNY,-0.006515,-0.006515,0
1092,600803.XSHG,600803,XSHG,新奥股份,2015-02-27,L,CNY,0.012903,0.012903,0
1093,600804.XSHG,600804,XSHG,鹏博士,2015-02-27,S,CNY,,,0
1094,600805.XSHG,600805,XSHG,悦达投资,2015-02-27,L,CNY,-0.007026,-0.007026,0
1095,600807.XSHG,600807,XSHG,ST天业,2015-02-27,L,CNY,0.001982,0.001982,0
1096,600808.XSHG,600808,XSHG,马钢股份,2015-02-27,L,CNY,-0.005634,-0.005634,0
1097,600809.XSHG,600809,XSHG,山西汾酒,2015-02-27,L,CNY,0.007924,0.007924,0
1098,600810.XSHG,600810,XSHG,神马股份,2015-02-27,L,CNY,0.021356,0.021356,0
1099,600811.XSHG,600811,XSHG,东方集团,2015-02-27,L,CNY,-0.005377,-0.005377,0
1100,600812.XSHG,600812,XSHG,华北制药,2015-02-27,L,CNY,-0.001598,-0.001598,0
1101,600814.XSHG,600814,XSHG,杭州解百,2015-02-27,L,CNY,0.005643,0.005643,0
1102,600815.XSHG,600815,XSHG,*ST厦工,2015-02-27,L,CNY,-0.004311,-0.004311,0
1103,600816.XSHG,600816,XSHG,安信信托,2015-02-27,L,CNY,-0.01154,-0.01154,0
1104,600817.XSHG,600817,XSHG,ST宏盛,2015-02-27,S,CNY,,,0
1105,600818.XSHG,600818,XSHG,中路股份,2015-02-27,L,CNY,0.062523,0.062523,0
1106,600819.XSHG,600819,XSHG,耀皮玻璃,2015-02-27,L,CNY,-0.00119,-0.00119,0
1107,600820.XSHG,600820,XSHG,隧道股份,2015-02-27,L,CNY,-0.011377,-0.011377,0
1108,600821.XSHG,600821,XSHG,津劝业,2015-02-27,L,CNY,0.022058,0.022058,0
1109,600822.XSHG,600822,XSHG,上海物贸,2015-02-27,L,CNY,-0.010859,-0.010859,0
1110,600823.XSHG,600823,XSHG,世茂股份,2015-02-27,L,CNY,0.001217,0.001217,0
1111,600824.XSHG,600824,XSHG,益民集团,2015-02-27,L,CNY,-0.005229,-0.005229,0
1112,600825.XSHG,600825,XSHG,新华传媒,2015-02-27,L,CNY,0.014003,0.014003,0
1113,600826.XSHG,600826,XSHG,兰生股份,2015-02-27,L,CNY,-0.008456,-0.008456,0
1114,600827.XSHG,600827,XSHG,百联股份,2015-02-27,L,CNY,0.000589,0.000589,0
1115,600828.XSHG,600828,XSHG,茂业商业,2015-02-27,L,CNY,0.007385,0.007385,0
1116,600829.XSHG,600829,XSHG,人民同泰,2015-02-27,S,CNY,,,0
1117,600830.XSHG,600830,XSHG,香溢融通,2015-02-27,L,CNY,-0.012356,-0.012356,0
1118,600831.XSHG,600831,XSHG,广电网络,2015-02-27,L,CNY,0.100131,0.100131,0
1119,600833.XSHG,600833,XSHG,第一医药,2015-02-27,L,CNY,0.005191,0.005191,0
1120,600834.XSHG,600834,XSHG,申通地铁,2015-02-27,L,CNY,0.010526,0.010526,0
1121,600835.XSHG,600835,XSHG,上海机电,2015-02-27,L,CNY,0.061135,0.061135,0
1122,600836.XSHG,600836,XSHG,界龙实业,2015-02-27,L,CNY,0.01631,0.01631,0
1123,600837.XSHG,600837,XSHG,海通证券,2015-02-27,L,CNY,-0.009559,-0.009559,0
1124,600838.XSHG,600838,XSHG,上海九百,2015-02-27,L,CNY,0.007714,0.007714,0
1125,600839.XSHG,600839,XSHG,四川长虹,2015-02-27,L,CNY,0.034,0.034,0
1126,600841.XSHG,600841,XSHG,上柴股份,2015-02-27,L,CNY,0.002489,0.002489,0
1127,600843.XSHG,600843,XSHG,上工申贝,2015-02-27,L,CNY,-0.00463,-0.00463,0
1128,600844.XSHG,600844,XSHG,丹化科技,2015-02-27,L,CNY,-0.007742,-0.007742,0
1129,600845.XSHG,600845,XSHG,宝信软件,2015-02-27,L,CNY,0.045733,0.045733,0
1130,600846.XSHG,600846,XSHG,同济科技,2015-02-27,L,CNY,0.011422,0.011422,0
1131,600847.XSHG,600847,XSHG,万里股份,2015-02-27,L,CNY,-0.00506,-0.00506,0
1132,600848.XSHG,600848,XSHG,上海临港,2015-02-27,L,CNY,0.00577,0.00577,0
1133,600850.XSHG,600850,XSHG,华东电脑,2015-02-27,L,CNY,0.02077,0.02077,0
1134,600851.XSHG,600851,XSHG,海欣股份,2015-02-27,L,CNY,0.001116,0.001116,0
1135,600853.XSHG,600853,XSHG,龙建股份,2015-02-27,L,CNY,-0.011584,-0.011584,0
1136,600854.XSHG,600854,XSHG,春兰股份,2015-02-27,L,CNY,0.011589,0.011589,0
1137,600855.XSHG,600855,XSHG,航天长峰,2015-02-27,L,CNY,0.018479,0.018479,0
1138,600856.XSHG,600856,XSHG,中天能源,2015-02-27,L,CNY,0.004665,0.004665,0
1139,600857.XSHG,600857,XSHG,宁波中百,2015-02-27,L,CNY,-0.001175,-0.001175,0
1140,600858.XSHG,600858,XSHG,银座股份,2015-02-27,S,CNY,,,0
1141,600859.XSHG,600859,XSHG,王府井,2015-02-27,L,CNY,0.0,0.0,0
1142,600860.XSHG,600860,XSHG,京城股份,2015-02-27,L,CNY,-0.010472,-0.010472,0
1143,600861.XSHG,600861,XSHG,北京城乡,2015-02-27,L,CNY,-0.00776,-0.00776,0
1144,600862.XSHG,600862,XSHG,中航高科,2015-02-27,L,CNY,-0.008942,-0.008942,0
1145,600863.XSHG,600863,XSHG,内蒙华电,2015-02-27,L,CNY,0.002475,0.002475,0
1146,600864.XSHG,600864,XSHG,哈投股份,2015-02-27,L,CNY,0.009601,0.009601,0
1147,600865.XSHG,600865,XSHG,百大集团,2015-02-27,L,CNY,-0.00194,-0.00194,0
1148,600866.XSHG,600866,XSHG,星湖科技,2015-02-27,L,CNY,0.001377,0.001377,0
1149,600867.XSHG,600867,XSHG,通化东宝,2015-02-27,L,CNY,-0.004058,-0.004058,0
1150,600868.XSHG,600868,XSHG,梅雁吉祥,2015-02-27,L,CNY,-0.005155,-0.005155,0
1151,600869.XSHG,600869,XSHG,智慧能源,2015-02-27,L,CNY,0.017751,0.017751,0
1152,600870.XSHG,600870,XSHG,ST厦华,2015-02-27,S,CNY,,,0
1153,600871.XSHG,600871,XSHG,石化油服,2015-02-27,L,CNY,0.029874,0.029874,0
1154,600872.XSHG,600872,XSHG,中炬高新,2015-02-27,L,CNY,0.005315,0.005315,0
1155,600873.XSHG,600873,XSHG,梅花生物,2015-02-27,L,CNY,0.008021,0.008021,0
1156,600874.XSHG,600874,XSHG,创业环保,2015-02-27,L,CNY,0.003412,0.003412,0
1157,600875.XSHG,600875,XSHG,东方电气,2015-02-27,L,CNY,0.006721,0.006721,0
1158,600876.XSHG,600876,XSHG,洛阳玻璃,2015-02-27,L,CNY,-0.00687,-0.00687,0
1159,600877.XSHG,600877,XSHG,*ST嘉陵,2015-02-27,L,CNY,0.004956,0.004956,0
1160,600879.XSHG,600879,XSHG,航天电子,2015-02-27,L,CNY,0.10006,0.10006,0
1161,600880.XSHG,600880,XSHG,博瑞传播,2015-02-27,L,CNY,0.012578,0.012578,0
1162,600881.XSHG,600881,XSHG,亚泰集团,2015-02-27,L,CNY,0.009174,0.009174,0
1163,600882.XSHG,600882,XSHG,妙可蓝多,2015-02-27,L,CNY,0.032104,0.032104,0
1164,600883.XSHG,600883,XSHG,博闻科技,2015-02-27,L,CNY,0.012896,0.012896,0
1165,600884.XSHG,600884,XSHG,杉杉股份,2015-02-27,L,CNY,0.002592,0.002592,0
1166,600885.XSHG,600885,XSHG,宏发股份,2015-02-27,L,CNY,0.007822,0.007822,0
1167,600886.XSHG,600886,XSHG,国投电力,2015-02-27,L,CNY,-0.008539,-0.008539,0
1168,600887.XSHG,600887,XSHG,伊利股份,2015-02-27,L,CNY,-0.010165,-0.010165,0
1169,600888.XSHG,600888,XSHG,新疆众和,2015-02-27,L,CNY,0.036535,0.036535,0
1170,600889.XSHG,600889,XSHG,南京化纤,2015-02-27,L,CNY,-0.008058,-0.008058,0
1171,600890.XSHG,600890,XSHG,中房股份,2015-02-27,L,CNY,-0.012675,-0.012675,0
1172,600891.XSHG,600891,XSHG,*ST秋林,2015-02-27,L,CNY,-0.008434,-0.008434,0
1173,600892.XSHG,600892,XSHG,大晟文化,2015-02-27,L,CNY,-0.011958,-0.011958,0
1174,600893.XSHG,600893,XSHG,航发动力,2015-02-27,L,CNY,0.025046,0.025046,0
1175,600894.XSHG,600894,XSHG,广日股份,2015-02-27,L,CNY,-0.007039,-0.007039,0
1176,600895.XSHG,600895,XSHG,张江高科,2015-02-27,L,CNY,-0.007426,-0.007426,0
1177,600896.XSHG,600896,XSHG,览海投资,2015-02-27,L,CNY,0.003034,0.003034,0
1178,600897.XSHG,600897,XSHG,厦门空港,2015-02-27,L,CNY,-0.005406,-0.005406,0
1179,600898.XSHG,600898,XSHG,国美通讯,2015-02-27,L,CNY,-0.005092,-0.005092,0
1180,600900.XSHG,600900,XSHG,长江电力,2015-02-27,L,CNY,-0.009872,-0.009872,0
1181,600917.XSHG,600917,XSHG,重庆燃气,2015-02-27,L,CNY,-0.004709,-0.004709,0
1182,600960.XSHG,600960,XSHG,渤海汽车,2015-02-27,L,CNY,0.020516,0.020516,0
1183,600961.XSHG,600961,XSHG,株冶集团,2015-02-27,L,CNY,0.017528,0.017528,0
1184,600962.XSHG,600962,XSHG,国投中鲁,2015-02-27,S,CNY,,,0
1185,600963.XSHG,600963,XSHG,岳阳林纸,2015-02-27,L,CNY,0.0144,0.0144,0
1186,600965.XSHG,600965,XSHG,福成股份,2015-02-27,L,CNY,0.011605,0.011605,0
1187,600966.XSHG,600966,XSHG,博汇纸业,2015-02-27,L,CNY,-0.01956,-0.01956,0
1188,600967.XSHG,600967,XSHG,内蒙一机,2015-02-27,L,CNY,0.004857,0.004857,0
1189,600969.XSHG,600969,XSHG,郴电国际,2015-02-27,L,CNY,0.012338,0.012338,0
1190,600970.XSHG,600970,XSHG,中材国际,2015-02-27,L,CNY,0.003021,0.003021,0
1191,600971.XSHG,600971,XSHG,恒源煤电,2015-02-27,L,CNY,-0.008558,-0.008558,0
1192,600973.XSHG,600973,XSHG,宝胜股份,2015-02-27,L,CNY,0.009693,0.009693,0
1193,600975.XSHG,600975,XSHG,新五丰,2015-02-27,L,CNY,0.006818,0.006818,0
1194,600976.XSHG,600976,XSHG,健民集团,2015-02-27,L,CNY,-0.003143,-0.003143,0
1195,600978.XSHG,600978,XSHG,宜华生活,2015-02-27,L,CNY,-0.01308,-0.01308,0
1196,600979.XSHG,600979,XSHG,广安爱众,2015-02-27,L,CNY,0.005633,0.005633,0
1197,600980.XSHG,600980,XSHG,北矿科技,2015-02-27,L,CNY,-0.001663,-0.001663,0
1198,600981.XSHG,600981,XSHG,汇鸿集团,2015-02-27,L,CNY,-0.005149,-0.005149,0
1199,600982.XSHG,600982,XSHG,宁波热电,2015-02-27,L,CNY,-0.004885,-0.004885,0
1200,600983.XSHG,600983,XSHG,惠而浦,2015-02-27,L,CNY,-0.000787,-0.000787,0
1201,600984.XSHG,600984,XSHG,建设机械,2015-02-27,L,CNY,-0.046698,-0.046698,0
1202,600985.XSHG,600985,XSHG,淮北矿业,2015-02-27,L,CNY,0.011046,0.011046,0
1203,600986.XSHG,600986,XSHG,科达股份,2015-02-27,L,CNY,0.005797,0.005797,0
1204,600987.XSHG,600987,XSHG,航民股份,2015-02-27,L,CNY,-0.004398,-0.004398,0
1205,600988.XSHG,600988,XSHG,赤峰黄金,2015-02-27,L,CNY,0.010377,0.010377,0
1206,600990.XSHG,600990,XSHG,四创电子,2015-02-27,L,CNY,0.002801,0.002801,0
1207,600992.XSHG,600992,XSHG,贵绳股份,2015-02-27,L,CNY,-0.009364,-0.009364,0
1208,600993.XSHG,600993,XSHG,马应龙,2015-02-27,L,CNY,-0.009166,-0.009166,0
1209,600995.XSHG,600995,XSHG,文山电力,2015-02-27,L,CNY,-0.010458,-0.010458,0
1210,600997.XSHG,600997,XSHG,开滦股份,2015-02-27,L,CNY,-0.00148,-0.00148,0
1211,600998.XSHG,600998,XSHG,九州通,2015-02-27,L,CNY,0.013223,0.013223,0
1212,600999.XSHG,600999,XSHG,招商证券,2015-02-27,L,CNY,-0.025237,-0.025237,0
1213,601000.XSHG,601000,XSHG,唐山港,2015-02-27,L,CNY,0.00424,0.00424,0
1214,601001.XSHG,601001,XSHG,大同煤业,2015-02-27,L,CNY,-0.001247,-0.001247,0
1215,601002.XSHG,601002,XSHG,晋亿实业,2015-02-27,L,CNY,-0.004687,-0.004687,0
1216,601003.XSHG,601003,XSHG,柳钢股份,2015-02-27,L,CNY,0.033591,0.033591,0
1217,601005.XSHG,601005,XSHG,重庆钢铁,2015-02-27,L,CNY,0.012618,0.012618,0
1218,601006.XSHG,601006,XSHG,大秦铁路,2015-02-27,L,CNY,0.001877,0.001877,0
1219,601007.XSHG,601007,XSHG,金陵饭店,2015-02-27,L,CNY,0.016842,0.016842,0
1220,601008.XSHG,601008,XSHG,连云港,2015-02-27,L,CNY,-0.005214,-0.005214,0
1221,601009.XSHG,601009,XSHG,南京银行,2015-02-27,L,CNY,-0.007611,-0.007611,0
1222,601010.XSHG,601010,XSHG,文峰股份,2015-02-27,L,CNY,0.063193,0.063193,0
1223,601011.XSHG,601011,XSHG,宝泰隆,2015-02-27,L,CNY,-0.002706,-0.002706,0
1224,601012.XSHG,601012,XSHG,隆基股份,2015-02-27,L,CNY,0.019976,0.019976,0
1225,601015.XSHG,601015,XSHG,陕西黑猫,2015-02-27,L,CNY,0.000682,0.000682,0
1226,601016.XSHG,601016,XSHG,节能风电,2015-02-27,L,CNY,0.013257,0.013257,0
1227,601018.XSHG,601018,XSHG,宁波港,2015-02-27,L,CNY,0.051454,0.051454,0
1228,601021.XSHG,601021,XSHG,春秋航空,2015-02-27,L,CNY,-0.001996,-0.001996,0
1229,601028.XSHG,601028,XSHG,玉龙股份,2015-02-27,L,CNY,0.081407,0.081407,0
1230,601038.XSHG,601038,XSHG,一拖股份,2015-02-27,L,CNY,0.001503,0.001503,0
1231,601058.XSHG,601058,XSHG,赛轮轮胎,2015-02-27,L,CNY,0.014792,0.014792,0
1232,601069.XSHG,601069,XSHG,西部黄金,2015-02-27,L,CNY,0.00994,0.00994,0
1233,601088.XSHG,601088,XSHG,中国神华,2015-02-27,L,CNY,0.002155,0.002155,0
1234,601098.XSHG,601098,XSHG,中南传媒,2015-02-27,L,CNY,0.015267,0.015267,0
1235,601099.XSHG,601099,XSHG,太平洋,2015-02-27,L,CNY,-0.006416,-0.006416,0
1236,601100.XSHG,601100,XSHG,恒立液压,2015-02-27,L,CNY,0.007955,0.007955,0
1237,601101.XSHG,601101,XSHG,昊华能源,2015-02-27,L,CNY,-0.00124,-0.00124,0
1238,601106.XSHG,601106,XSHG,中国一重,2015-02-27,L,CNY,0.013539,0.013539,0
1239,601107.XSHG,601107,XSHG,四川成渝,2015-02-27,L,CNY,-0.011719,-0.011719,0
1240,601111.XSHG,601111,XSHG,中国国航,2015-02-27,L,CNY,0.029986,0.029986,0
1241,601113.XSHG,601113,XSHG,华鼎股份,2015-02-27,L,CNY,-0.001593,-0.001593,0
1242,601116.XSHG,601116,XSHG,三江购物,2015-02-27,L,CNY,0.0,0.0,0
1243,601117.XSHG,601117,XSHG,中国化学,2015-02-27,L,CNY,-0.010564,-0.010564,0
1244,601118.XSHG,601118,XSHG,海南橡胶,2015-02-27,L,CNY,0.010416,0.010416,0
1245,601126.XSHG,601126,XSHG,四方股份,2015-02-27,L,CNY,0.010182,0.010182,0
1246,601137.XSHG,601137,XSHG,博威合金,2015-02-27,L,CNY,0.011734,0.011734,0
1247,601139.XSHG,601139,XSHG,深圳燃气,2015-02-27,L,CNY,0.008555,0.008555,0
1248,601158.XSHG,601158,XSHG,重庆水务,2015-02-27,L,CNY,-0.009794,-0.009794,0
1249,601166.XSHG,601166,XSHG,兴业银行,2015-02-27,L,CNY,-0.002103,-0.002103,0
1250,601168.XSHG,601168,XSHG,西部矿业,2015-02-27,L,CNY,0.0,0.0,0
1251,601169.XSHG,601169,XSHG,北京银行,2015-02-27,L,CNY,-0.002866,-0.002866,0
1252,601177.XSHG,601177,XSHG,杭齿前进,2015-02-27,L,CNY,0.014755,0.014755,0
1253,601179.XSHG,601179,XSHG,中国西电,2015-02-27,L,CNY,-0.00428,-0.00428,0
1254,601186.XSHG,601186,XSHG,中国铁建,2015-02-27,L,CNY,0.000732,0.000732,0
1255,601188.XSHG,601188,XSHG,龙江交通,2015-02-27,L,CNY,-0.010823,-0.010823,0
1256,601198.XSHG,601198,XSHG,东兴证券,2015-02-27,L,CNY,0.099848,0.099848,0
1257,601199.XSHG,601199,XSHG,江南水务,2015-02-27,L,CNY,0.026086,0.026086,0
1258,601208.XSHG,601208,XSHG,东材科技,2015-02-27,L,CNY,0.006666,0.006666,0
1259,601216.XSHG,601216,XSHG,君正集团,2015-02-27,L,CNY,0.100182,0.100182,0
1260,601218.XSHG,601218,XSHG,吉鑫科技,2015-02-27,L,CNY,0.070157,0.070157,0
1261,601222.XSHG,601222,XSHG,林洋能源,2015-02-27,L,CNY,-0.006546,-0.006546,0
1262,601225.XSHG,601225,XSHG,陕西煤业,2015-02-27,L,CNY,-0.006547,-0.006547,0
1263,601226.XSHG,601226,XSHG,华电重工,2015-02-27,L,CNY,0.001082,0.001082,0
1264,601231.XSHG,601231,XSHG,环旭电子,2015-02-27,L,CNY,0.034996,0.034996,0
1265,601233.XSHG,601233,XSHG,桐昆股份,2015-02-27,L,CNY,0.011494,0.011494,0
1266,601238.XSHG,601238,XSHG,广汽集团,2015-02-27,L,CNY,-0.007018,-0.007018,0
1267,601258.XSHG,601258,XSHG,庞大集团,2015-02-27,L,CNY,0.0,0.0,0
1268,601288.XSHG,601288,XSHG,农业银行,2015-02-27,L,CNY,-0.002986,-0.002986,0
1269,601311.XSHG,601311,XSHG,骆驼股份,2015-02-27,L,CNY,-0.012041,-0.012041,0
1270,601318.XSHG,601318,XSHG,中国平安,2015-02-27,L,CNY,0.005868,0.005868,0
1271,601328.XSHG,601328,XSHG,交通银行,2015-02-27,L,CNY,-0.006536,-0.006536,0
1272,601333.XSHG,601333,XSHG,广深铁路,2015-02-27,L,CNY,0.009237,0.009237,0
1273,601336.XSHG,601336,XSHG,新华保险,2015-02-27,S,CNY,,,0
1274,601339.XSHG,601339,XSHG,百隆东方,2015-02-27,L,CNY,0.016542,0.016542,0
1275,601360.XSHG,601360,XSHG,三六零,2015-02-27,L,CNY,-0.000947,-0.000947,0
1276,601369.XSHG,601369,XSHG,陕鼓动力,2015-02-27,L,CNY,0.016489,0.016489,0
1277,601377.XSHG,601377,XSHG,兴业证券,2015-02-27,L,CNY,-0.012363,-0.012363,0
1278,601388.XSHG,601388,XSHG,怡球资源,2015-02-27,L,CNY,-0.0031,-0.0031,0
1279,601390.XSHG,601390,XSHG,中国中铁,2015-02-27,L,CNY,-0.006945,-0.006945,0
1280,601398.XSHG,601398,XSHG,工商银行,2015-02-27,L,CNY,-0.002179,-0.002179,0
1281,601515.XSHG,601515,XSHG,东风股份,2015-02-27,L,CNY,-0.000813,-0.000813,0
1282,601518.XSHG,601518,XSHG,吉林高速,2015-02-27,L,CNY,-0.00266,-0.00266,0
1283,601519.XSHG,601519,XSHG,大智慧,2015-02-27,L,CNY,0.013602,0.013602,0
1284,601555.XSHG,601555,XSHG,东吴证券,2015-02-27,L,CNY,-0.010432,-0.010432,0
1285,601558.XSHG,601558,XSHG,ST锐电,2015-02-27,L,CNY,0.018779,0.018779,0
1286,601566.XSHG,601566,XSHG,九牧王,2015-02-27,L,CNY,0.006315,0.006315,0
1287,601567.XSHG,601567,XSHG,三星医疗,2015-02-27,L,CNY,-0.013323,-0.013323,0
1288,601579.XSHG,601579,XSHG,会稽山,2015-02-27,L,CNY,0.007246,0.007246,0
1289,601588.XSHG,601588,XSHG,北辰实业,2015-02-27,L,CNY,-0.006834,-0.006834,0
1290,601599.XSHG,601599,XSHG,鹿港文化,2015-02-27,L,CNY,0.002523,0.002523,0
1291,601600.XSHG,601600,XSHG,中国铝业,2015-02-27,L,CNY,0.001851,0.001851,0
1292,601601.XSHG,601601,XSHG,中国太保,2015-02-27,L,CNY,-0.013475,-0.013475,0
1293,601607.XSHG,601607,XSHG,上海医药,2015-02-27,L,CNY,-0.008366,-0.008366,0
1294,601608.XSHG,601608,XSHG,中信重工,2015-02-27,S,CNY,,,0
1295,601616.XSHG,601616,XSHG,广电电气,2015-02-27,L,CNY,0.001862,0.001862,0
1296,601618.XSHG,601618,XSHG,中国中冶,2015-02-27,L,CNY,0.054545,0.054545,0
1297,601628.XSHG,601628,XSHG,中国人寿,2015-02-27,L,CNY,-0.011088,-0.011088,0
1298,601633.XSHG,601633,XSHG,长城汽车,2015-02-27,L,CNY,-0.011703,-0.011703,0
1299,601636.XSHG,601636,XSHG,旗滨集团,2015-02-27,L,CNY,0.003389,0.003389,0
1300,601666.XSHG,601666,XSHG,平煤股份,2015-02-27,L,CNY,-0.005358,-0.005358,0
1301,601668.XSHG,601668,XSHG,中国建筑,2015-02-27,L,CNY,-0.009274,-0.009274,0
1302,601669.XSHG,601669,XSHG,中国电建,2015-02-27,L,CNY,0.077127,0.077127,0
1303,601677.XSHG,601677,XSHG,明泰铝业,2015-02-27,L,CNY,0.005392,0.005392,0
1304,601678.XSHG,601678,XSHG,滨化股份,2015-02-27,L,CNY,-0.006975,-0.006975,0
1305,601688.XSHG,601688,XSHG,华泰证券,2015-02-27,L,CNY,0.0,0.0,0
1306,601699.XSHG,601699,XSHG,潞安环能,2015-02-27,L,CNY,-0.003806,-0.003806,0
1307,601700.XSHG,601700,XSHG,风范股份,2015-02-27,L,CNY,0.068426,0.068426,0
1308,601717.XSHG,601717,XSHG,郑煤机,2015-02-27,L,CNY,-0.007693,-0.007693,0
1309,601718.XSHG,601718,XSHG,际华集团,2015-02-27,L,CNY,-0.001544,-0.001544,0
1310,601727.XSHG,601727,XSHG,上海电气,2015-02-27,L,CNY,0.022244,0.022244,0
1311,601766.XSHG,601766,XSHG,中国中车,2015-02-27,L,CNY,-0.008184,-0.008184,0
1312,601777.XSHG,601777,XSHG,力帆股份,2015-02-27,L,CNY,0.014799,0.014799,0
1313,601788.XSHG,601788,XSHG,光大证券,2015-02-27,L,CNY,-0.008829,-0.008829,0
1314,601789.XSHG,601789,XSHG,宁波建工,2015-02-27,L,CNY,-0.001043,-0.001043,0
1315,601798.XSHG,601798,XSHG,ST蓝科,2015-02-27,L,CNY,0.002345,0.002345,0
1316,601799.XSHG,601799,XSHG,星宇股份,2015-02-27,L,CNY,0.023656,0.023656,0
1317,601800.XSHG,601800,XSHG,中国交建,2015-02-27,L,CNY,0.020648,0.020648,0
1318,601801.XSHG,601801,XSHG,皖新传媒,2015-02-27,L,CNY,0.01585,0.01585,0
1319,601808.XSHG,601808,XSHG,中海油服,2015-02-27,L,CNY,0.004709,0.004709,0
1320,601818.XSHG,601818,XSHG,光大银行,2015-02-27,L,CNY,-0.007247,-0.007247,0
1321,601857.XSHG,601857,XSHG,中国石油,2015-02-27,L,CNY,0.007054,0.007054,0
1322,601866.XSHG,601866,XSHG,中远海发,2015-02-27,L,CNY,0.0,0.0,0
1323,601872.XSHG,601872,XSHG,招商轮船,2015-02-27,L,CNY,-0.010274,-0.010274,0
1324,601877.XSHG,601877,XSHG,正泰电器,2015-02-27,L,CNY,-0.001523,-0.001523,0
1325,601880.XSHG,601880,XSHG,大连港,2015-02-27,L,CNY,-0.007234,-0.007234,0
1326,601886.XSHG,601886,XSHG,江河集团,2015-02-27,L,CNY,-0.009102,-0.009102,0
1327,601888.XSHG,601888,XSHG,中国国旅,2015-02-27,L,CNY,0.00498,0.00498,0
1328,601890.XSHG,601890,XSHG,亚星锚链,2015-02-27,L,CNY,0.015533,0.015533,0
1329,601898.XSHG,601898,XSHG,中煤能源,2015-02-27,L,CNY,-0.00318,-0.00318,0
1330,601899.XSHG,601899,XSHG,紫金矿业,2015-02-27,L,CNY,0.008522,0.008522,0
1331,601901.XSHG,601901,XSHG,方正证券,2015-02-27,L,CNY,-0.015649,-0.015649,0
1332,601908.XSHG,601908,XSHG,京运通,2015-02-27,L,CNY,0.005443,0.005443,0
1333,601918.XSHG,601918,XSHG,新集能源,2015-02-27,L,CNY,0.0,0.0,0
1334,601919.XSHG,601919,XSHG,中远海控,2015-02-27,L,CNY,0.0,0.0,0
1335,601928.XSHG,601928,XSHG,凤凰传媒,2015-02-27,L,CNY,0.017573,0.017573,0
1336,601929.XSHG,601929,XSHG,吉视传媒,2015-02-27,L,CNY,0.01923,0.01923,0
1337,601933.XSHG,601933,XSHG,永辉超市,2015-02-27,L,CNY,-0.003258,-0.003258,0
1338,601939.XSHG,601939,XSHG,建设银行,2015-02-27,L,CNY,0.00176,0.00176,0
1339,601958.XSHG,601958,XSHG,金钼股份,2015-02-27,L,CNY,-0.005947,-0.005947,0
1340,601965.XSHG,601965,XSHG,中国汽研,2015-02-27,L,CNY,0.00804,0.00804,0
1341,601969.XSHG,601969,XSHG,海南矿业,2015-02-27,L,CNY,0.015654,0.015654,0
1342,601988.XSHG,601988,XSHG,中国银行,2015-02-27,L,CNY,-0.007247,-0.007247,0
1343,601989.XSHG,601989,XSHG,中国重工,2015-02-27,L,CNY,0.0,0.0,0
1344,601991.XSHG,601991,XSHG,大唐发电,2015-02-27,L,CNY,0.003424,0.003424,0
1345,601992.XSHG,601992,XSHG,金隅集团,2015-02-27,L,CNY,0.022292,0.022292,0
1346,601996.XSHG,601996,XSHG,丰林集团,2015-02-27,L,CNY,-0.019109,-0.019109,0
1347,601998.XSHG,601998,XSHG,中信银行,2015-02-27,L,CNY,-0.002946,-0.002946,0
1348,601999.XSHG,601999,XSHG,出版传媒,2015-02-27,L,CNY,0.008136,0.008136,0
1349,603000.XSHG,603000,XSHG,人民网,2015-02-27,L,CNY,0.015365,0.015365,0
1350,603001.XSHG,603001,XSHG,奥康国际,2015-02-27,L,CNY,0.006114,0.006114,0
1351,603002.XSHG,603002,XSHG,宏昌电子,2015-02-27,L,CNY,-0.00237,-0.00237,0
1352,603003.XSHG,603003,XSHG,龙宇燃油,2015-02-27,S,CNY,,,0
1353,603005.XSHG,603005,XSHG,晶方科技,2015-02-27,L,CNY,0.012818,0.012818,0
1354,603006.XSHG,603006,XSHG,联明股份,2015-02-27,L,CNY,0.012066,0.012066,0
1355,603008.XSHG,603008,XSHG,喜临门,2015-02-27,S,CNY,,,0
1356,603009.XSHG,603009,XSHG,北特科技,2015-02-27,L,CNY,0.004415,0.004415,0
1357,603010.XSHG,603010,XSHG,万盛股份,2015-02-27,L,CNY,0.027133,0.027133,0
1358,603011.XSHG,603011,XSHG,合锻智能,2015-02-27,L,CNY,0.019858,0.019858,0
1359,603017.XSHG,603017,XSHG,中衡设计,2015-02-27,L,CNY,-0.004673,-0.004673,0
1360,603018.XSHG,603018,XSHG,中设集团,2015-02-27,L,CNY,-0.00081,-0.00081,0
1361,603019.XSHG,603019,XSHG,中科曙光,2015-02-27,L,CNY,0.037858,0.037858,0
1362,603077.XSHG,603077,XSHG,和邦生物,2015-02-27,L,CNY,-0.002796,-0.002796,0
1363,603088.XSHG,603088,XSHG,宁波精达,2015-02-27,L,CNY,0.014084,0.014084,0
1364,603099.XSHG,603099,XSHG,长白山,2015-02-27,L,CNY,0.001312,0.001312,0
1365,603100.XSHG,603100,XSHG,川仪股份,2015-02-27,L,CNY,0.035598,0.035598,0
1366,603111.XSHG,603111,XSHG,康尼机电,2015-02-27,L,CNY,0.002256,0.002256,0
1367,603118.XSHG,603118,XSHG,共进股份,2015-02-27,L,CNY,0.099841,0.099841,0
1368,603123.XSHG,603123,XSHG,翠微股份,2015-02-27,L,CNY,0.021616,0.021616,0
1369,603126.XSHG,603126,XSHG,中材节能,2015-02-27,L,CNY,0.064472,0.064472,0
1370,603128.XSHG,603128,XSHG,华贸物流,2015-02-27,L,CNY,-0.006061,-0.006061,0
1371,603166.XSHG,603166,XSHG,福达股份,2015-02-27,L,CNY,0.001151,0.001151,0
1372,603167.XSHG,603167,XSHG,渤海轮渡,2015-02-27,L,CNY,0.0025,0.0025,0
1373,603168.XSHG,603168,XSHG,莎普爱思,2015-02-27,L,CNY,0.018183,0.018183,0
1374,603169.XSHG,603169,XSHG,兰石重装,2015-02-27,L,CNY,0.019793,0.019793,0
1375,603188.XSHG,603188,XSHG,亚邦股份,2015-02-27,L,CNY,-0.004689,-0.004689,0
1376,603222.XSHG,603222,XSHG,济民制药,2015-02-27,L,CNY,0.099766,0.099766,0
1377,603288.XSHG,603288,XSHG,海天味业,2015-02-27,L,CNY,-0.009512,-0.009512,0
1378,603306.XSHG,603306,XSHG,华懋科技,2015-02-27,L,CNY,0.034457,0.034457,0
1379,603308.XSHG,603308,XSHG,应流股份,2015-02-27,L,CNY,0.001094,0.001094,0
1380,603328.XSHG,603328,XSHG,依顿电子,2015-02-27,L,CNY,0.002036,0.002036,0
1381,603333.XSHG,603333,XSHG,尚纬股份,2015-02-27,L,CNY,0.003236,0.003236,0
1382,603366.XSHG,603366,XSHG,日出东方,2015-02-27,L,CNY,-0.002754,-0.002754,0
1383,603368.XSHG,603368,XSHG,柳药股份,2015-02-27,L,CNY,0.011363,0.011363,0
1384,603369.XSHG,603369,XSHG,今世缘,2015-02-27,L,CNY,0.004036,0.004036,0
1385,603399.XSHG,603399,XSHG,吉翔股份,2015-02-27,L,CNY,0.001886,0.001886,0
1386,603456.XSHG,603456,XSHG,九洲药业,2015-02-27,L,CNY,0.051705,0.051705,0
1387,603518.XSHG,603518,XSHG,锦泓集团,2015-02-27,L,CNY,0.002895,0.002895,0
1388,603555.XSHG,603555,XSHG,贵人鸟,2015-02-27,L,CNY,0.00286,0.00286,0
1389,603558.XSHG,603558,XSHG,健盛集团,2015-02-27,L,CNY,0.019914,0.019914,0
1390,603588.XSHG,603588,XSHG,高能环境,2015-02-27,L,CNY,-0.010821,-0.010821,0
1391,603600.XSHG,603600,XSHG,永艺股份,2015-02-27,L,CNY,0.006294,0.006294,0
1392,603601.XSHG,603601,XSHG,再升科技,2015-02-27,L,CNY,0.003108,0.003108,0
1393,603606.XSHG,603606,XSHG,东方电缆,2015-02-27,L,CNY,0.003811,0.003811,0
1394,603609.XSHG,603609,XSHG,禾丰牧业,2015-02-27,L,CNY,0.021462,0.021462,0
1395,603611.XSHG,603611,XSHG,诺力股份,2015-02-27,L,CNY,0.014273,0.014273,0
1396,603618.XSHG,603618,XSHG,杭电股份,2015-02-27,L,CNY,0.09995,0.09995,0
1397,603636.XSHG,603636,XSHG,南威软件,2015-02-27,L,CNY,0.01282,0.01282,0
1398,603678.XSHG,603678,XSHG,火炬电子,2015-02-27,L,CNY,0.02376,0.02376,0
1399,603686.XSHG,603686,XSHG,龙马环卫,2015-02-27,L,CNY,0.0252,0.0252,0
1400,603688.XSHG,603688,XSHG,石英股份,2015-02-27,L,CNY,-0.00262,-0.00262,0
1401,603698.XSHG,603698,XSHG,航天工程,2015-02-27,L,CNY,0.037775,0.037775,0
1402,603699.XSHG,603699,XSHG,纽威股份,2015-02-27,L,CNY,-0.00686,-0.00686,0
1403,603766.XSHG,603766,XSHG,隆鑫通用,2015-02-27,L,CNY,0.011432,0.011432,0
1404,603788.XSHG,603788,XSHG,宁波高发,2015-02-27,L,CNY,0.009218,0.009218,0
1405,603799.XSHG,603799,XSHG,华友钴业,2015-02-27,L,CNY,0.100144,0.100144,0
1406,603806.XSHG,603806,XSHG,福斯特,2015-02-27,L,CNY,0.008976,0.008976,0
1407,603828.XSHG,603828,XSHG,柯利达,2015-02-27,L,CNY,0.100121,0.100121,0
1408,603889.XSHG,603889,XSHG,新澳股份,2015-02-27,L,CNY,0.005417,0.005417,0
1409,603898.XSHG,603898,XSHG,好莱客,2015-02-27,L,CNY,0.1,0.1,0
1410,603899.XSHG,603899,XSHG,晨光文具,2015-02-27,L,CNY,0.000366,0.000366,0
1411,603939.XSHG,603939,XSHG,益丰药房,2015-02-27,L,CNY,0.099941,0.099941,0
1412,603969.XSHG,603969,XSHG,银龙股份,2015-02-27,L,CNY,,,1
1413,603988.XSHG,603988,XSHG,中电电机,2015-02-27,L,CNY,0.016811,0.016811,0
1414,603993.XSHG,603993,XSHG,洛阳钼业,2015-02-27,L,CNY,0.03284,0.03284,0
1415,603998.XSHG,603998,XSHG,方盛制药,2015-02-27,L,CNY,0.010109,0.010109,0
