ticker,date,pred
1,20190603,-0.006844057988214677
1,20190506,-0.0838726049871169
1,20190401,0.010999667794585598
1,20190301,-0.019049756511652242
3,20190603,-0.01871439798614416
3,20190506,-0.06765941554505416
3,20190201,-0.01425628877002177
3,20190102,-0.04005373357413751
4,20190201,-0.02500704764910444
4,20190102,-0.023045290435166246
5,20190603,-0.0473479752463378
5,20190506,-0.05125549547574291
5,20190401,-0.01448047838280521
5,20190301,-0.003155328973023528
5,20190201,-0.023655261206977966
5,20190102,-0.05715793892138672
6,20190603,-0.03166980143368744
6,20190506,-0.0805024309646024
6,20190401,-0.036148179626423346
6,20190301,-0.0088320855950797
6,20190201,0.006958146868244121
6,20190102,-0.05174293605563896
7,20190603,-0.05126334092862808
7,20190506,-0.08116000416458774
7,20190401,-0.048531713580378166
7,20190301,-0.008699200982672258
7,20190201,-0.010557198999184619
7,20190102,-0.03874388211724484
8,20190603,-0.06926479182486737
8,20190506,-0.14913197681862603
8,20190401,-0.05559373488763801
8,20190301,-0.041208731143886054
8,20190201,-0.054795093521324736
8,20190102,-0.06695492778668412
9,20190603,-0.007855862514936363
9,20190506,-0.08663765814954721
9,20190401,0.00787939653301386
9,20190301,-0.010513137166216676
9,20190201,-0.006551570737890965
9,20190102,-0.031151413352783874
11,20190506,-0.06349241610405208
11,20190401,-0.0043331868768914945
11,20190301,0.0053250826898253185
11,20190201,-0.012586116110867348
11,20190102,-0.05335524914081167
12,20190603,-0.11492706586673114
12,20190506,0.0013107709178214449
12,20190401,-0.11677930284175839
12,20190301,0.0431995631128551
12,20190201,-0.0006230282225072169
12,20190102,-0.0405581424726234
13,20190201,-0.003852356517314035
13,20190102,-0.013130597259674958
14,20190603,-0.019401927738463574
14,20190506,-0.07960312331955335
14,20190401,0.014753509802139948
14,20190301,-0.0017141676930801635
14,20190201,0.0345866471163781
14,20190102,-0.02995631078104443
15,20190603,-0.007311824771175481
15,20190506,-0.08917965151220268
15,20190401,0.030495082268059984
15,20190301,0.0022371822763154452
15,20190201,-0.017008170601394347
15,20190102,-0.03539230798482109
18,20190603,-0.010856746248510091
18,20190506,-0.12658113118786532
18,20190401,-0.03774275492393386
18,20190301,-0.022887799413022165
18,20190201,-0.030485639098659763
18,20190102,-0.060313260132252765
19,20190603,-0.010895070781210726
19,20190506,-0.08018740527900416
19,20190401,-0.007467747729345711
19,20190301,0.012450200264656154
19,20190201,-0.036693946070886704
19,20190102,-0.02221575149981058
20,20190603,-0.004867828056894586
20,20190506,-0.07936427867525696
20,20190401,0.020133976496797462
20,20190301,0.040058751802035136
20,20190201,0.028114300566855835
20,20190102,-0.010965590266254767
21,20190603,0.029815046746185667
21,20190506,-0.06031866011350165
21,20190401,0.006158871901940919
21,20190301,-0.06824575850600367
21,20190201,0.00742022632362589
21,20190102,0.03313242535267881
22,20190603,-0.012478343325385576
22,20190506,-0.08321598863048936
22,20190401,0.0013727977876247088
22,20190301,0.002969907006442519
22,20190201,-0.020234341770860247
22,20190102,-0.049860764833359494
23,20190603,-0.010135293285057556
23,20190506,-0.03563345791537818
23,20190401,0.00582589474200587
23,20190301,0.017565441274568105
23,20190201,-0.007010349036325851
23,20190102,-0.030792628932298373
24,20190603,-0.046028913492021095
24,20190506,-0.06492406676254163
24,20190401,-0.054208146835528
24,20190301,-0.0003039099623866424
24,20190201,-0.004461332651972754
24,20190102,-0.021288505718217818
25,20190201,-0.004797064172933326
25,20190102,-0.0007719523790994543
26,20190603,0.008458046695993105
26,20190506,-0.08581003665246786
26,20190401,0.024914686579729013
26,20190301,0.054461366294632135
26,20190201,0.01867452382746905
26,20190102,-0.03718629797622222
28,20190102,-0.03084616872639573
30,20190603,0.018940776224818393
30,20190506,-0.062405477099192724
30,20190401,-0.027327091918568032
30,20190301,0.006896831307295041
30,20190201,-0.013184977179770073
30,20190102,-0.013443866553232523
31,20190603,-0.030607696032720927
31,20190506,-0.0711395432287138
31,20190401,-0.018647198979740154
31,20190301,0.03107468907402386
31,20190201,-0.01838582308421289
31,20190102,-0.03849808806037967
32,20190301,0.01951669085840161
32,20190201,-0.014199094524647864
32,20190102,-0.04028088669251384
33,20190401,-0.0320161832760448
33,20190301,0.011415470822088136
33,20190201,-0.033369085947768044
34,20190201,0.009544985750540287
34,20190102,-0.0156552650331825
35,20190102,-0.03103658854395023
36,20190603,-0.009782501803023135
36,20190506,-0.09401588349086556
36,20190401,-0.014674912207086993
36,20190301,0.03119765336687002
36,20190201,0.023407315426630264
36,20190102,-0.04943047968966789
38,20190603,-0.0025305463139428707
38,20190506,-0.09555917443386178
38,20190401,-0.02251577791658678
38,20190301,0.031858601985301556
38,20190201,0.005543941828992505
38,20190102,-0.0351536563050633
39,20190603,0.013729563060449557
39,20190506,-0.032687593519954865
39,20190401,-0.022384286881609455
39,20190301,0.03246816043331561
39,20190201,-0.020491595601709517
39,20190102,-0.006645418159591274
40,20190401,0.021003584091592593
40,20190301,0.05697589264797141
40,20190201,0.10060159574278683
40,20190102,0.0249052322807386
41,20190603,0.009580598876025448
41,20190506,0.003212491762381786
41,20190401,0.01721352775495011
41,20190301,-0.030596914629616848
41,20190201,-0.023313529967224557
41,20190102,-0.054718837597411266
42,20190603,-0.005954315940346879
42,20190506,-0.0903175421377836
42,20190401,0.0037605697033499218
42,20190301,-0.010681022186627783
42,20190201,-0.012912347878186736
42,20190102,-0.030712109064046034
43,20190603,0.019826766399557515
43,20190201,-0.015041977707406127
43,20190102,-0.0083011441283844
46,20190603,-0.02017192851899329
46,20190506,-0.07719145186460669
46,20190401,-0.002046634582849297
46,20190301,0.00355548074706887
46,20190201,-0.027454287757601767
46,20190102,-0.04905786627743895
48,20190603,0.03189325421077695
48,20190506,-0.11366388103097753
48,20190401,0.08610583812471191
48,20190301,0.11707276003758994
48,20190201,-0.022888310089650074
48,20190102,0.0493209800916886
50,20190603,-0.04410084215785373
50,20190506,-0.07335407094649317
50,20190401,0.003930221124502125
50,20190301,0.016361808238498185
50,20190201,0.0273114515576166
50,20190102,-0.05402507832484371
51,20190603,-0.0046463334396405
51,20190506,-0.07968879232384381
51,20190201,0.0033019656395172296
51,20190102,-0.03396877751018645
52,20190603,-0.012046431278406149
52,20190506,-0.06676944570141417
52,20190401,-0.024892269088933217
52,20190301,0.007992212333701872
52,20190201,-0.03195993543084077
52,20190102,-0.02009940463253477
55,20190201,-0.038541928283791445
55,20190102,-0.052455647598383066
57,20190603,-0.0027240721545191025
57,20190506,-0.11368478203545895
57,20190401,-0.015433087255952162
57,20190301,0.0037509096699392275
57,20190201,-0.015227424445835035
57,20190102,-0.02527505219732798
58,20190603,-0.005677241867669767
58,20190506,-0.06789386812781145
58,20190401,0.034989992982310245
58,20190301,0.0027271200424648003
58,20190201,-0.04278762263590323
58,20190102,-0.024851639203956583
59,20190401,-0.10458036773739886
59,20190301,0.007044880724055484
59,20190201,-0.06947229932522757
59,20190102,-0.029506981478462986
60,20190603,0.0384102630039046
60,20190506,-0.07238068460013913
60,20190401,-0.036602989907868755
60,20190301,0.013573425562432578
60,20190201,-0.023808113409663767
60,20190102,-0.016583651940666272
61,20190603,-0.010573110156589401
61,20190201,-0.02841206356725333
61,20190102,-0.01597110197217534
62,20190603,0.00625740664400558
62,20190506,-0.07441971189062672
62,20190401,0.07185252947200761
62,20190301,0.05052674872795163
62,20190201,0.059529913101605395
62,20190102,-0.016284505199582917
63,20190603,-0.03048606734272849
63,20190506,0.018301877644318572
63,20190401,-0.010104027823282501
63,20190301,0.03246249842619116
63,20190201,-0.011682826007762591
63,20190102,0.00015879943818184958
64,20190603,0.005375727445633411
64,20190506,-0.09306664685607009
64,20190401,-0.0436000613181417
64,20190301,0.018486130273627464
64,20190201,0.009887063184417287
64,20190102,-0.03209535383059563
65,20190603,-0.027147637556419454
65,20190506,-0.0926400198696258
65,20190401,0.009160539142270668
65,20190301,0.006836200601641371
65,20190201,-0.018983857157870217
65,20190102,-0.05686752423262786
66,20190603,0.024227189997136446
66,20190506,-0.054947856138678246
66,20190401,-0.013887288814017714
66,20190301,0.13473996364542853
66,20190201,0.03517313637688607
66,20190102,-0.015387065287508222
67,20190603,-0.002321111922178116
67,20190506,-0.08047000330790247
67,20190401,0.02000758387143981
67,20190301,0.006414068038758148
67,20190201,-0.00485254105414209
67,20190102,-0.020225553960593175
68,20190603,0.0038359398733815615
68,20190506,-0.08955409388836162
68,20190401,-0.024407593325411113
68,20190301,0.007939631606436933
68,20190201,-0.02014415983160755
68,20190102,-0.04477257203701523
69,20190603,-0.00410573627813404
69,20190506,-0.08909218571570668
69,20190401,-0.02363897175086939
69,20190301,-0.006182427427860902
69,20190201,-0.022608162930452855
69,20190102,-0.043203738716474406
71,20190603,-0.02646924058002211
71,20190506,-0.06790436549078711
71,20190401,-0.007192146905580248
71,20190301,0.009977441704287644
71,20190201,-0.0488812869747673
71,20190102,-0.05858591188932717
72,20190603,-0.01336733389783487
72,20190506,-0.10302162744871723
72,20190401,0.0012888850852220465
72,20190301,0.002274471970666858
72,20190201,-0.018802225943661453
72,20190102,-0.05478453450672094
73,20190603,-0.01547464181524015
73,20190506,-0.08770420237848506
73,20190401,-0.004039754891991281
73,20190301,0.010891075329579393
73,20190201,-0.04288051030518141
73,20190102,-0.04000419042363663
74,20190603,-0.02511361484179111
74,20190506,-0.10012433943670432
74,20190401,-0.03416602873553928
74,20190301,-0.019048196711746644
74,20190201,-0.05370131707376515
74,20190102,-0.04295269535550391
75,20190603,0.005697888214284796
75,20190506,-0.07484711702493324
75,20190401,0.007043791916111314
75,20190301,-0.021696823929331657
75,20190201,-0.032635813471501234
75,20190102,-0.032616181231643365
76,20190603,0.03855615646955337
76,20190506,-0.032087943679816225
76,20190401,0.024867973440761512
76,20190301,0.023474608861185672
76,20190201,-0.015664866103437612
76,20190102,-0.02674063650492313
77,20190603,0.03908997464347107
77,20190506,-0.053425913723919825
77,20190401,-0.03255008345413651
77,20190301,-0.032639585401780705
77,20190201,0.0009755316786232131
77,20190102,-0.03515154311909653
78,20190401,0.02413018613994876
78,20190201,-0.018520820827076435
78,20190102,-0.03266317413051729
79,20190603,-0.014573358663785571
79,20190506,-0.09329521581192855
79,20190401,0.005522750807655607
79,20190301,0.004526913816864717
79,20190201,-0.004610753917560455
79,20190102,-0.05883240705395508
80,20190603,-0.012385305525814058
80,20190506,-0.08578875090746281
80,20190401,-0.021051673554195814
80,20190201,-0.044269745163795525
81,20190603,0.034036717069344566
81,20190506,-0.05775200335756986
81,20190401,-0.035160188079018405
81,20190301,0.06528124398792486
81,20190201,-0.006197294987003639
81,20190102,-0.0006332373697277901
82,20190603,-0.0026128845705749807
82,20190506,-0.06536752412982048
82,20190401,-0.09847064954146091
82,20190301,0.09921467411562059
82,20190201,-0.022960122667907215
82,20190102,-0.039787204384368204
83,20190603,0.0007269910232130614
83,20190506,-0.06305843269260472
83,20190401,-0.012331423225852364
83,20190301,0.012222161542776463
83,20190201,-0.027184362590469337
83,20190102,-0.04945320016453347
84,20190603,0.02148766288871934
84,20190506,-0.0018578875263093545
84,20190401,-0.017434994394062896
84,20190301,-0.00232085779431305
84,20190201,-0.01327089598146554
84,20190102,-0.0588123631413911
85,20190603,-0.0329525643273809
85,20190506,-0.008619537479249342
85,20190401,-0.02014869562402018
85,20190301,-0.0027634507375842955
85,20190201,-0.001171168198300137
85,20190102,-0.02859444887417431
86,20190603,0.012631191542959134
86,20190401,0.02480010747375369
86,20190301,-0.022184558154958074
86,20190201,0.012914620712829233
86,20190102,0.013590507794429158
88,20190603,-0.017377516189513845
88,20190506,-0.1019205483525108
88,20190401,-0.01782857823490737
88,20190301,0.010393108608323173
88,20190201,-0.016253852407941777
88,20190102,-0.02004521076292625
89,20190603,0.01116530538579291
89,20190506,-0.06621743768346937
89,20190401,-0.01883521082394738
89,20190301,0.05398084431209649
89,20190201,-0.004518198678264517
89,20190102,-0.0020726971078673592
91,20190603,-0.0017179482328886341
91,20190506,-0.09336203598556696
91,20190401,-0.021466040889268137
91,20190301,0.004848198791647771
91,20190201,-0.04858991737201671
91,20190102,-0.012967666611644743
92,20190603,0.011529229670731831
92,20190506,-0.07412399056736317
92,20190401,0.011577091278334546
92,20190301,0.02883718888223566
92,20190201,-0.013633646453458567
92,20190102,-0.014850062094088413
93,20190603,0.04191476665373191
93,20190201,0.02385472933976865
93,20190102,-0.020759421538366712
94,20190603,0.01155126499418104
94,20190506,-0.08186582586519685
94,20190401,-0.002643005163648496
94,20190301,0.017330438848028075
94,20190201,-0.011988736414880066
94,20190102,-0.032362442288908076
95,20190603,0.005864617876241212
95,20190506,-0.04023752556327256
95,20190401,0.005300948969059877
96,20190603,-0.013198346496486574
96,20190506,-0.09020311874946951
96,20190301,0.031246269939326075
96,20190201,0.016402428952513107
96,20190102,-0.02114964069016189
97,20190603,0.002382822807213124
97,20190506,-0.026610593121692505
97,20190401,-0.02290125938908938
97,20190301,-0.0033899977743919608
97,20190201,0.033377920516768286
97,20190102,-0.026388850346023902
98,20190603,-0.000985948093778206
98,20190506,-0.030417364961727193
98,20190401,-0.02998958322486643
98,20190301,-0.023527595940180057
98,20190201,0.01965727271011415
99,20190603,-0.028728866038237065
99,20190506,-0.09085139487053721
99,20190401,0.0026510062941099925
99,20190301,-0.016337689551988978
99,20190201,-0.00013000820238012224
99,20190102,-0.03345946710097867
100,20190603,-0.0022271195577509917
100,20190506,-0.09298252742673041
100,20190401,-0.022419267137486973
100,20190301,-0.004012124575134607
100,20190201,-0.01790677436223783
100,20190102,-0.018757880944063617
101,20190603,-0.005852286379393196
101,20190506,-0.07814274487159152
101,20190401,-0.019247565762814382
101,20190301,0.00749704199529355
101,20190201,-0.008966100010198376
101,20190102,-0.03608538749065355
102,20190603,0.05625162685286289
102,20190506,-0.06676319962592349
102,20190401,0.0036199738663406627
102,20190301,0.039301943618971324
102,20190201,-0.001346369630885377
102,20190102,0.016241810841297666
103,20190603,-0.006965582291792291
103,20190506,-0.10944125778824758
103,20190401,0.01184955949926794
103,20190301,0.021448269618447924
103,20190201,-0.00036413750038681754
103,20190102,-0.04558062826477606
104,20190603,-0.0639667308655156
104,20190506,-0.05655094661473426
104,20190401,-0.024269865378390862
104,20190301,-0.0520997488956077
104,20190201,-0.027292562011314025
104,20190102,-0.01968298962807387
105,20190603,-0.023601097441780038
105,20190506,-0.0715015095844552
105,20190401,0.005491166381712273
105,20190301,0.021896251207841028
105,20190201,-0.0022282275960641184
105,20190102,-0.04979498184172441
106,20190603,-0.03424926726663566
106,20190506,-0.07671037137105885
106,20190401,-0.013525063819528437
106,20190301,-0.018824153422026813
106,20190201,0.00575663925914976
106,20190102,-0.031762948186534634
107,20190401,-0.05589592696158803
107,20190201,-0.010398191952593646
107,20190102,-0.015291728171405334
108,20190603,-0.015682685155828407
108,20190506,-0.04297986225357876
108,20190401,-0.008382998696016301
108,20190301,0.013158228079265132
108,20190201,-0.02143802545521626
108,20190102,-0.007737488536224061
109,20190603,0.06100697309248855
109,20190506,-0.007714746358551747
109,20190401,-0.0018518316583506136
109,20190301,0.012592704356063125
109,20190201,0.00742569826875644
109,20190102,0.03407295182982307
110,20190603,0.01288633715375277
110,20190506,-0.07602341926168033
110,20190401,-0.0952785462526176
110,20190301,-0.0542606243527405
110,20190201,0.00800827224624785
110,20190102,-0.02053690380361345
111,20190603,-0.016607544218913924
111,20190506,-0.043886683771980524
111,20190401,-0.043854781736237955
111,20190301,0.001895680341072967
111,20190201,-0.014081994927659812
111,20190102,-0.0376140156958815
112,20190201,-0.09551074359083774
112,20190102,-0.02774992344136281
113,20190603,0.018748913295608502
113,20190506,-0.10273714313776666
113,20190401,-0.027698792376216606
113,20190301,-0.011043051284023388
113,20190201,-0.0366962657249613
113,20190102,0.0037501718610924942
114,20190603,0.010189669227102125
114,20190506,-0.045390572066646796
114,20190401,-0.021241639945838872
114,20190301,0.04120417650694853
114,20190201,-0.0036675001769426053
114,20190102,-0.028040039146705824
115,20190603,-0.035209611875508626
115,20190506,-0.05818939616529481
115,20190401,-0.15439151060421324
115,20190301,-0.01573396113830687
115,20190201,-0.023658677350319644
115,20190102,-0.032061107376830475
116,20190603,-0.014930724301940292
116,20190506,-0.06415221123452332
116,20190401,-0.03767053058413077
116,20190201,-0.029173292400799397
116,20190102,-0.03129159769786436
117,20190603,0.006655452311761538
117,20190506,-0.0569050603899164
117,20190401,-0.011505667101582956
117,20190301,-0.021942431106194066
117,20190201,0.006331841631835642
117,20190102,0.015160482797448275
118,20190603,-0.003947260322110643
118,20190506,-0.09592009036103995
118,20190401,0.01893949220036091
118,20190301,0.009764847618715327
118,20190201,0.006255121766955486
118,20190102,-0.017753548754497382
119,20190603,-0.020747499222411096
119,20190506,-0.07556644789890472
119,20190401,-0.002177964169009691
119,20190301,-0.004647112459106668
119,20190201,-0.0050268217217451835
119,20190102,-0.05772711459614071
120,20190603,-0.007012558348853391
120,20190506,-0.07789402190768181
120,20190401,0.015482669134087705
120,20190301,0.035108383374225595
120,20190201,0.04503262720280156
120,20190102,-0.01505596357546353
121,20190603,-0.0542142664250537
121,20190506,-0.0682539841806697
121,20190401,-0.028364585041369725
121,20190301,0.04480533008775321
121,20190201,0.018892915353589952
121,20190102,-0.04324277608094427
122,20190603,-0.00672724273249493
122,20190506,-0.09970853711625066
122,20190401,0.008120527599315726
122,20190301,0.01456973090623581
122,20190201,0.0012393850870902525
122,20190102,-0.0309868373996443
123,20190603,0.0004502736120844796
123,20190506,-0.07144853550861871
123,20190401,-0.013019749043144424
123,20190301,-0.018470662649071733
123,20190201,-0.04923566946500395
123,20190102,0.007809330296552295
124,20190603,-0.011991845717449975
124,20190506,-0.009609214236081702
124,20190401,-0.014659038849365919
124,20190301,0.06360707950562737
124,20190201,0.039095186405879015
124,20190102,-0.027022760139966122
125,20190603,-0.0005998452672774466
125,20190506,-0.055216241343539994
125,20190401,0.002583510011055669
125,20190301,0.023062758165816058
125,20190201,-0.016841884220142246
125,20190102,-0.014032292577351547
126,20190603,0.012284416479454578
126,20190506,-0.07523657590046536
126,20190401,0.030836488400426937
126,20190301,0.03051961243652418
126,20190201,0.0034406107187607005
126,20190102,0.012278212653265971
128,20190603,0.0014663463217471934
128,20190506,-0.08151856831499303
128,20190401,-0.06771540264260574
128,20190301,0.010280910076217604
128,20190201,0.01890885069076001
128,20190102,-0.026026405334468927
129,20190603,0.02478531312509273
129,20190506,-0.032394209625278815
129,20190401,-0.01838559960852206
129,20190301,0.024546520644988287
129,20190201,0.026944667682369097
129,20190102,-0.01905710070789375
131,20190603,0.02252388906424469
131,20190506,-0.06360536967397669
131,20190401,-0.02473875892740176
131,20190301,0.014268031721177596
131,20190201,0.01692155141996459
131,20190102,-0.001572017366840905
132,20190603,0.008892319339041525
132,20190506,-0.08240274275099778
132,20190401,-0.021394171001571198
132,20190301,0.011538740981721406
132,20190201,-0.001862803129451902
132,20190102,-0.04964354329157853
133,20190603,-0.05772954967918199
133,20190506,-0.015053112551377716
133,20190401,-0.036352152478933794
133,20190301,0.012156937909445288
133,20190201,0.006706502794007812
133,20190102,-0.015485380665564834
135,20190603,0.011771654149248618
135,20190506,-0.08633440783317704
135,20190401,0.0024250771600247793
135,20190301,0.019588233242774873
135,20190201,-0.006013923589577379
135,20190102,-0.02020708730360951
136,20190603,0.017808577293240244
136,20190506,-0.02563618254957127
136,20190401,0.0169748294030473
136,20190301,0.0103445910606753
136,20190201,0.01106575430453933
136,20190102,0.0007238418622679803
137,20190603,-0.010560601356027216
137,20190506,-0.10091340099932661
137,20190401,-0.028569034956481915
137,20190301,-0.011201147077880858
137,20190201,-0.00783246674834809
137,20190102,-0.0318335451335634
138,20190603,-0.009638941144822078
138,20190506,-0.07450495121171638
138,20190401,-0.0009744025469482151
138,20190301,0.034042337396442815
138,20190201,-0.03126156634304065
138,20190102,-0.02795946932784829
139,20190603,-0.04282751832059341
139,20190506,-0.09004945444079691
139,20190401,0.005953175732171892
139,20190301,0.009545458236961997
139,20190201,-0.020587786179677152
139,20190102,-0.03372046770767574
140,20190603,0.000940660448286652
140,20190506,-0.08011454227606815
140,20190401,0.004778770555647467
140,20190301,-0.027160713114143517
140,20190201,0.03953073756832677
140,20190102,-0.016216667510892714
141,20190603,0.03156167910387823
141,20190506,-0.05428384156476011
141,20190401,0.024766806741801657
141,20190301,0.03534846509179053
141,20190201,0.02242717477753109
141,20190102,0.01820053886660772
142,20190603,-0.005369643381425959
142,20190506,-0.02293607442193602
142,20190401,-0.014919209060396567
142,20190301,0.048552048113680454
142,20190201,0.01749774023000278
142,20190102,0.03761132155631841
143,20190603,-0.0813113301715734
143,20190506,-0.035652628144493596
143,20190401,-0.11653154755027995
143,20190301,0.03181228372418134
143,20190201,0.01954979651111735
143,20190102,-0.025277114700519007
144,20190603,-0.03686669551441059
144,20190506,-0.03431052189302074
144,20190401,0.01062598739663659
144,20190301,-0.018905945996472856
144,20190201,-0.007049201133921325
144,20190102,-0.06790520317381234
145,20190603,-0.034186200670113465
145,20190506,-0.06141104333830875
145,20190401,-0.0517679542131436
145,20190301,0.028229334000063937
145,20190201,-0.004295660845997326
145,20190102,-0.04401753565631334
146,20190603,-0.01454795630067004
146,20190506,-0.06432087633922988
146,20190401,-0.0033682744695672836
146,20190301,0.041151492200000854
146,20190201,0.01934916286098414
146,20190102,-0.03350215558143482
147,20190603,-0.008324573923556733
147,20190506,-0.04838680142822627
147,20190401,0.00031732346192228124
147,20190301,-0.0014576174162370583
147,20190201,-0.00030008946890163965
147,20190102,-0.04515840728122387
148,20190603,0.06157131149790143
148,20190506,-0.037829734317352065
148,20190401,-0.022500996235214572
148,20190301,-0.04126204124206241
148,20190201,0.0628687427566721
148,20190102,-0.006013659594540291
149,20190603,-0.02347115365903689
149,20190506,-0.08281819034231354
149,20190401,-0.03391907393061645
149,20190301,-0.0006505118045675457
149,20190201,-0.007707612886993164
149,20190102,-0.037492028666487494
151,20190603,0.007434701577453446
151,20190506,-0.06045296180359413
151,20190401,-0.030109444856561293
151,20190301,0.002902078622264657
151,20190201,-0.010333878568421486
152,20190603,-0.024013475471172063
152,20190506,-0.08826781543920215
152,20190401,-0.03729656550999985
152,20190301,-0.004183917374580588
152,20190201,0.009017799900265315
152,20190102,-0.0916501457329144
153,20190603,0.00364629251484176
153,20190506,-0.07675936243832258
153,20190401,0.043327277721652804
153,20190301,-0.007727474016103063
153,20190201,0.021592991441346833
153,20190102,-0.018164652774894992
154,20190603,0.02630218037340911
154,20190506,-0.058287066747612505
154,20190401,0.003601364379332726
154,20190301,0.0649232867768571
154,20190201,0.02995620395346478
154,20190102,-0.005184332344052843
155,20190603,-0.015030876008462837
155,20190506,-0.06251188643308937
155,20190401,0.0028837443838908173
155,20190301,-0.0021834759527430986
155,20190201,-0.004095456137871807
156,20190603,0.02352439307055862
156,20190506,-0.07362388242845253
156,20190401,-0.03434988397353922
156,20190301,0.010153780923126925
156,20190201,-0.014028336488715555
156,20190102,-0.04080822267180692
158,20190603,-0.009267044870589993
158,20190506,-0.05290983761459042
158,20190401,0.01491016831156186
158,20190301,-0.01812610730170291
158,20190201,0.006720073638083834
158,20190102,-0.035282174651774016
159,20190603,-0.05320941720481427
159,20190401,-0.0026937226436231
159,20190301,-0.004251621153563487
159,20190201,-0.031073883637501576
159,20190102,-0.05100389553073865
160,20190201,0.005309635938607905
160,20190102,0.019775080620371845
161,20190201,-0.011953272097022441
161,20190102,-0.0012848827729402563
162,20190603,-0.004060324788463398
162,20190506,-0.0810840956694415
162,20190401,0.0066594020927011124
162,20190301,0.008359409680059169
162,20190201,-0.0015993618591271328
162,20190102,-0.0235194950815411
164,20190603,-0.023784569794848914
164,20190506,-0.06027199381083542
164,20190401,-0.024220278906417626
164,20190301,-0.00942368483382275
164,20190201,-0.026331596546679444
164,20190102,-0.030725129416629547
165,20190603,-0.0002896977632360666
165,20190506,-0.0706073091438745
165,20190401,0.037054056316770466
165,20190301,0.06609126559996192
165,20190201,0.026093258263253552
165,20190102,-0.025059459445361636
166,20190603,0.012523279009533332
166,20190506,-0.0642027575928311
166,20190401,-0.015852160087946564
166,20190301,0.020352636558345162
166,20190201,-0.014668714127949628
166,20190102,-0.0202855706940255
167,20190603,0.04219039826574003
167,20190506,-0.040156391135981566
167,20190401,-0.0017815397533560238
167,20190301,0.0004574438937835403
167,20190201,0.04093106700378097
167,20190102,0.01437565470638749
168,20190603,-0.020797624920898167
168,20190506,-0.08511158575310433
168,20190401,-0.010024679845648832
168,20190301,-0.003112860816076953
168,20190201,-0.018653995323780495
168,20190102,-0.0008275299118214105
169,20190603,0.029597839288358782
169,20190506,-0.07973625212440143
169,20190401,-0.04677222193487507
169,20190301,-0.04222411416677428
169,20190201,-0.015794959304375914
169,20190102,-0.02511815364314244
170,20190603,-0.013606373420744833
170,20190506,-0.06608870665228571
170,20190401,-0.0018676775937054874
170,20190301,0.03241377040223317
170,20190201,0.0038031215124951206
170,20190102,-0.04170624752386485
172,20190603,0.01240853943700696
172,20190506,-0.05900194741690788
172,20190401,-0.046050606640399096
172,20190301,0.01115028313923573
172,20190201,0.005481613341382452
172,20190102,-0.0028367503387776594
173,20190201,-0.01837534551936281
173,20190102,-0.013722538251404537
174,20190603,-0.026395258542775024
174,20190506,-0.01870655777545808
174,20190401,-0.018765265034367984
174,20190301,-0.005625654803489347
174,20190201,-0.010775811801599882
174,20190102,-0.01978756221832876
176,20190603,-0.019477509621747068
176,20190506,-0.1415616016711185
176,20190401,0.01229563573825737
176,20190301,-0.019917953592424695
176,20190201,-0.02615023325263144
177,20190603,-0.031588757058858954
177,20190506,-0.06004439464296808
177,20190401,0.019895653593561588
177,20190301,-0.009036595140570721
177,20190201,0.014302851133849276
177,20190102,-0.04559668089230938
180,20190201,-0.008606869823911118
180,20190102,-0.0003232774519246317
181,20190603,0.016807553079527346
181,20190506,-0.04147679941205139
181,20190401,0.009010260726693019
181,20190301,0.02546777568136631
181,20190201,-0.03720760528872178
181,20190102,0.028987125455406167
182,20190603,-0.021677683012127198
182,20190506,-0.039929136385273484
182,20190401,-0.027311134115936456
182,20190301,-0.010675593298511104
182,20190201,-0.022391590037736553
182,20190102,-0.03674872041243201
183,20190603,0.013928149501519748
183,20190506,-0.09290663984637097
183,20190401,-0.00971245395057597
183,20190301,-0.001736032212608785
183,20190201,-0.03679038082267249
183,20190102,-0.027275350092614954
184,20190603,-0.020126359522749323
184,20190506,-0.08542988124068322
184,20190401,-0.013569520954624536
184,20190301,-0.01932566488801197
184,20190201,-0.019912097669693755
184,20190102,-0.02422687572320792
185,20190603,0.01442015291038285
185,20190506,0.002546250720197875
185,20190401,-0.03133326504340056
185,20190301,0.005546738310233652
185,20190201,0.01582359999856605
185,20190102,-0.0072910483124956505
186,20190603,-0.03321100691233605
186,20190506,-0.07870940736274416
186,20190401,-0.0062584919843594895
186,20190301,0.02749552117807111
186,20190201,-0.001913858929594522
186,20190102,-0.04748455265442954
187,20190603,-0.19045363696440268
187,20190506,-0.22618108204470877
187,20190401,-0.23622645698958444
187,20190301,-0.23759364435905808
187,20190201,-0.09562050041777966
187,20190102,0.05810686283834779
188,20190603,0.043942924547230276
188,20190506,-0.04229073561254616
188,20190401,0.03996363556695809
188,20190301,0.01180866294724763
188,20190201,0.06987981381498318
188,20190102,-0.012539415792560434
189,20190603,0.028508401783619075
189,20190506,-0.08785326484768947
189,20190401,0.02121812107578306
189,20190301,-0.02958987602266474
189,20190201,-0.008438533714515308
189,20190102,-0.04487832273212118
190,20190603,0.007856400285858654
192,20190603,0.012777599450102898
192,20190506,-0.07855962929059114
192,20190401,-0.01618644557270188
192,20190301,-0.017811688216453653
192,20190201,-0.01796621242561193
192,20190102,-0.0016305305818053858
193,20190603,-0.019784171841115104
193,20190506,-0.059163226191102244
193,20190401,0.0008297388629482007
193,20190301,-0.015699054933504368
193,20190201,-0.01709764606188302
193,20190102,0.03610604813314432
194,20190603,-0.0036462912499699487
194,20190506,-0.056646937631231284
194,20190401,-0.036928554191793785
194,20190301,-0.02503775384823803
194,20190201,0.002554981153097765
194,20190102,-0.04276591005355579
196,20190603,-0.014951641390772477
196,20190506,-0.06856564556281208
196,20190401,0.025750778035787972
196,20190301,0.02602790558771015
196,20190201,-0.021860531768167983
196,20190102,-0.022714733058367666
197,20190603,-0.007220254443535497
197,20190506,-0.04478099786942673
197,20190401,-0.00211079080338694
197,20190301,0.028879705472957068
197,20190201,0.00708290766385679
197,20190102,0.0025016144817767774
198,20190603,0.010586224572328154
198,20190506,-0.05757829117041009
198,20190401,-0.014915760071508908
198,20190301,0.014840840695736933
198,20190201,0.05221328267782724
198,20190102,-0.024111129983381482
199,20190603,0.0040538583909924715
199,20190506,-0.051040786287162104
199,20190401,-0.015819371598951998
199,20190301,0.00296675966289473
199,20190201,-0.02171191613580807
199,20190102,-0.029161870664756943
200,20190603,4.414690655058125e-05
200,20190506,-0.0918681761713687
200,20190401,-0.019968841005587185
200,20190201,0.044456683344308925
200,20190102,0.013535014166439823
201,20190603,-0.01931628075989454
201,20190506,-0.019204959108092425
201,20190401,0.011637070368894826
201,20190301,0.038551617866296184
201,20190201,0.029626287746897573
202,20190603,-0.024335731375174113
202,20190506,-0.058756578928564576
202,20190401,-0.08860967307580263
202,20190301,-0.02888969060580101
202,20190201,0.009697973188071035
202,20190102,-0.0846366505020675
203,20190603,-0.000487960392477527
203,20190506,-0.05354014918502382
203,20190401,0.020417875831447024
203,20190301,0.020797068800705747
203,20190201,0.027438951350638924
203,20190102,-0.025533461475476533
204,20190603,-0.018479296863612625
204,20190506,-0.12888504093343453
204,20190401,0.01386565203030671
204,20190301,0.058514261479852184
204,20190201,0.008541176323935805
204,20190102,-0.05094596196283881
205,20190603,-0.05438861836651607
205,20190506,-0.028922748426576453
205,20190401,-0.06950027429945667
205,20190301,-0.04955294486019214
205,20190201,-0.029631895374774495
205,20190102,-0.0411597115279493
206,20190603,0.04785341725783291
206,20190506,-0.07695304911891972
206,20190401,-0.04693159838218148
206,20190301,-0.010250872770458339
206,20190201,0.000671871278723082
206,20190102,-0.0013029789258397224
207,20190603,-0.0014312999712079288
207,20190506,-0.0486284813537861
207,20190401,0.029416621511286482
207,20190301,0.036400254629530206
207,20190201,0.07878606492158848
207,20190102,0.01518494500514118
208,20190603,0.011774558423279893
208,20190506,-0.06757434280759557
208,20190401,-0.08168315184792936
208,20190301,-0.027658827125841126
208,20190201,0.012217355767996386
208,20190102,0.027840315432320212
209,20190603,-0.011650225144567738
209,20190506,-0.0629681049597342
209,20190401,0.0043455904970117944
209,20190301,-0.0004076059772898672
209,20190201,-0.020191764310881627
209,20190102,-0.007906770729593839
210,20190201,-0.039909295014842805
210,20190102,-0.023671600465284506
211,20190603,-0.04194307123213551
211,20190506,-0.09296889361674962
212,20190603,0.08893352665458375
213,20190603,-0.0109035088397951
213,20190506,-0.05899356446042832
213,20190401,-0.03961703147289146
213,20190301,0.015229462548666186
213,20190201,0.005674944200891921
213,20190102,-0.05568312570422802
215,20190603,0.00122509017533033
215,20190506,-0.0700373688006123
215,20190401,-0.02143915433834577
215,20190301,-0.014796711728841465
215,20190201,-0.018078170948414782
215,20190102,-0.03869560725285138
216,20190603,0.05236748219526144
216,20190506,-0.009858429163758899
216,20190401,0.019482248240849945
216,20190301,0.03695750315330893
216,20190201,0.03299211668295491
216,20190102,0.022310797542427006
218,20190603,0.006776814285328161
218,20190506,-0.07964973035548728
218,20190401,-0.01082079036536109
218,20190301,0.005712856684028969
218,20190201,-0.01877140556618962
218,20190102,-0.07456744289975578
219,20190201,-0.04406913330896161
219,20190102,-0.021388792105454614
220,20190603,-0.00021737670567241983
220,20190506,-0.11925596650785678
220,20190401,-0.00011784728058044681
220,20190301,0.046667305740308675
220,20190201,-0.009369901018611253
220,20190102,-0.009584808758597583
221,20190603,0.01133077490250028
221,20190506,-0.07874527816746459
221,20190401,-0.0026140997909192432
221,20190301,-0.024415506858957207
221,20190201,0.021770701185515384
221,20190102,-0.01151974676411137
222,20190603,0.04960477367675737
222,20190506,-0.03225975092044433
222,20190401,0.01731010567418126
222,20190301,0.07844934379230305
222,20190201,0.002799273098407702
222,20190102,-0.02832660306463368
223,20190603,0.01848248542779793
223,20190506,-0.049795103970573365
223,20190401,-0.00808027117236164
223,20190301,-0.048532427293519996
223,20190201,0.01869722892721394
223,20190102,-0.0021607046763248393
224,20190603,-0.011171742934916285
224,20190506,-0.06216219375989116
224,20190401,-0.01271253689568254
224,20190301,-0.006944715848049033
224,20190201,-0.013266120721539603
224,20190102,-0.07030804086580854
225,20190603,0.044387160180964634
225,20190506,-0.025455843480684213
225,20190401,-0.0027105971756872533
225,20190301,-0.038681864322090656
226,20190401,0.004167547353820139
226,20190301,0.024640678901311185
226,20190201,-0.016566669081523176
226,20190102,-0.0018312190465968239
227,20190603,0.0006727837935817452
227,20190506,-0.033127149959011226
227,20190401,-0.01982468786757085
227,20190301,0.024831853754135262
227,20190201,0.01670527551485699
227,20190102,-0.009905588817339892
228,20190603,-0.03588459232739769
228,20190506,-0.06292286361915592
228,20190401,-0.009932645034299819
228,20190301,0.01613261397863517
228,20190201,0.04516692142664612
228,20190102,-0.03093012385202841
229,20190603,0.014875326671140667
229,20190506,-0.025591657586961636
229,20190401,-0.06315965918331955
229,20190301,0.02632689389427162
229,20190201,0.010866046229338752
229,20190102,-0.015113081286067925
230,20190603,0.026366250030274707
230,20190506,-0.05922281691247358
230,20190401,-0.0311903635519589
230,20190301,0.02195123283821357
231,20190603,-0.0398248390816468
231,20190506,-0.021108570767374157
231,20190401,0.00825339334902554
231,20190301,0.007912705674380354
231,20190201,-0.0344403791580165
231,20190102,-0.04416741059065185
232,20190603,-0.009823205216227092
232,20190506,-0.0841598954253822
232,20190401,-0.034998403739872244
232,20190301,-0.02521335166171077
232,20190201,0.019868858261828888
232,20190102,-0.027194122957832412
233,20190603,-0.03193620638218469
233,20190506,-0.057466262157433015
233,20190401,-0.03865968982001109
233,20190301,0.012836513630900463
233,20190201,-0.008140383526652703
233,20190102,-0.039908053964759216
234,20190603,-0.0007028623605218522
234,20190506,-0.059852366635097395
234,20190401,-0.009931369394173899
234,20190301,-0.00999787939489741
234,20190201,0.04594207782725813
234,20190102,-0.020786326568082672
235,20190201,-0.010842889705925972
235,20190102,-0.02742433726679687
237,20190603,0.02004590548772596
237,20190506,-0.05816213960130909
237,20190401,-0.004940752934258373
237,20190301,0.00386523641341161
237,20190201,0.01729261217485359
237,20190102,-0.024381965562132096
239,20190603,0.01779293542419781
239,20190506,-0.03641034065651913
239,20190401,0.041262083272379055
239,20190301,0.030677692872571174
239,20190201,0.03862196760320839
239,20190102,-0.006875449738603186
240,20190603,0.012658100912304201
240,20190506,-0.08132556542690378
240,20190401,-0.07665446382163414
240,20190301,-0.031130821304222643
240,20190201,0.0353778320015486
240,20190102,-0.03717194850133733
241,20190201,-0.06662515992541018
241,20190102,-0.01980040391940005
242,20190603,-0.0065499690521040165
242,20190506,-0.03834406753420778
242,20190401,-0.03361356674625278
242,20190301,-0.009483207383669952
242,20190201,0.010241079171438369
242,20190102,-0.025228451953424068
243,20190506,0.006062584316806603
243,20190401,-0.0370128690472304
243,20190301,0.022550670841415626
243,20190201,0.04579269879189864
244,20190603,0.020615777318311372
245,20190603,-0.018988436628815122
245,20190506,-0.04726748911696484
245,20190401,-0.027564982382276976
245,20190301,0.010047861629244146
245,20190201,0.010933337248247367
245,20190102,-0.009257577523762191
246,20190603,-0.03813986624410697
246,20190506,0.0020504637116750112
246,20190401,-0.012037704580386778
246,20190301,0.017078999557308197
246,20190201,-0.07251500762536581
246,20190102,-0.01728042121959622
247,20190603,-0.011046280197756267
247,20190506,-0.0725031055027469
247,20190401,-0.07864550525335837
247,20190301,-0.03524474785286316
247,20190201,-0.0011803904579981445
247,20190102,-0.04347860961503744
248,20190603,0.0020158553642117757
248,20190506,-0.07334865155602732
248,20190401,-0.019115074961201427
248,20190301,-0.0013434459777594571
248,20190201,-0.021392620099896772
248,20190102,-0.05304469779129051
249,20190603,0.008333957959826182
249,20190506,-0.13014238572119696
249,20190401,0.03841824696566858
249,20190301,0.0320504112152115
249,20190201,-0.025768261305300653
249,20190102,-0.026995288117816124
250,20190603,0.010431727600758304
250,20190506,-0.10832619199857306
250,20190401,-0.03313612744320216
250,20190301,0.007291600891640234
250,20190201,-0.033894963435864824
250,20190102,-0.042822643145361154
251,20190603,-0.0033818991378409442
251,20190506,-0.06776385052292981
251,20190401,0.00327261041512409
251,20190301,0.020395454144332407
251,20190201,-0.017777385274315792
251,20190102,-0.04276319492474575
252,20190603,-0.01081225174937213
252,20190506,-0.09483468438878169
252,20190401,-0.02139911241225923
252,20190301,-0.006984245411836679
252,20190201,-0.004038305781374503
252,20190102,0.01165674982244254
253,20190603,-0.024443438811811102
253,20190506,-0.11409273092477461
254,20190603,-0.0028804974621982372
254,20190506,-0.06417355667327036
254,20190401,-0.028845570693250944
254,20190301,0.006895807958499053
254,20190201,-0.04006623138990915
254,20190102,-0.040238992319591875
255,20190603,-0.021310928126549833
255,20190401,-0.037185600651931876
255,20190201,-0.025127534309999547
255,20190102,-0.00833456065086212
256,20190603,-0.022476577194629917
256,20190506,-0.090149701782942
256,20190401,-0.00046233779098516815
256,20190301,0.01950535347935905
256,20190201,-0.01272849159671066
256,20190102,-0.02134896262723099
258,20190603,-0.010617787063318474
258,20190506,-0.08735202456095431
258,20190401,-0.002125916007305202
258,20190301,0.02430679033511258
258,20190201,0.0076540620224420635
258,20190102,-0.0316772305876618
260,20190603,-0.009337845667530249
260,20190506,-0.08890643526499833
260,20190401,-0.02195892160526669
260,20190301,0.0348900556493042
260,20190201,-0.015013512069950571
260,20190102,-0.03928325811371116
261,20190603,-0.006903655380575448
261,20190506,-0.06852688957571429
261,20190401,-0.0006976671446747313
261,20190301,0.021846606409162812
261,20190201,-0.0023622609822050045
261,20190102,-0.007228779239543456
262,20190603,0.006026453964830059
262,20190506,-0.040629947169735676
262,20190401,-0.05883292664312472
262,20190301,0.04987927634076343
262,20190201,0.007094531271012323
262,20190102,0.015729700378474598
263,20190603,0.03445788596401328
263,20190506,0.0004964010542882393
263,20190401,0.04713474831948285
263,20190301,-0.007500062562717085
263,20190201,0.01049560744207064
263,20190102,0.0064520734039807005
264,20190603,0.010256200776183612
264,20190506,-0.04600690906147606
264,20190401,0.013910345580877002
264,20190301,-0.020687023824762354
264,20190201,-0.005416790428878332
264,20190102,-0.021063930321664665
266,20190603,-0.027519547727511293
266,20190201,-0.03814168977889286
266,20190102,-0.034093375478097605
268,20190603,0.01935943384480074
268,20190506,-0.0788648937508061
268,20190401,0.029122024344292077
268,20190301,0.04486380083048492
268,20190201,0.0012322656624035467
268,20190102,-0.02196226719893704
270,20190603,0.004749017489968527
270,20190506,-0.061329665444538245
270,20190401,0.02063758836570058
270,20190301,0.03349680391432464
270,20190201,0.0009062951633123668
270,20190102,-0.018780331159827728
271,20190603,-0.00011032817061519193
271,20190506,-0.08143348977064752
271,20190401,0.03563364251620993
271,20190301,0.04537748252621786
271,20190201,0.010667780340955812
271,20190102,-0.006633412886639911
272,20190603,-0.00970200768510504
272,20190506,-0.08210164654086273
272,20190401,-0.01389085481364726
272,20190301,0.0025364505453462464
272,20190201,-0.01068764015009622
272,20190102,-0.0039015149136152364
273,20190603,0.006247228715219941
273,20190506,-0.05278088048274008
273,20190201,0.023361243982945874
273,20190102,0.0137521417321322
274,20190603,0.02686460120803672
274,20190506,-0.07767399901839057
275,20190603,0.03602535133767164
275,20190506,-0.04777479915109311
275,20190401,0.018167033778498924
276,20190603,-0.0015296002978147684
276,20190506,-0.10430264282971137
276,20190401,-0.0047323962333229285
276,20190301,0.014849407019372833
276,20190201,0.021414954054013523
276,20190102,-0.03444406953549675
277,20190603,0.011769351344052591
277,20190506,-0.06258672794339999
277,20190401,0.004231788001137837
277,20190301,0.009454545525704882
277,20190201,0.037979753988501265
277,20190102,-0.06287902367106536
278,20190603,-0.015259157450970917
278,20190506,-0.1493965558818643
278,20190401,-0.010945410987549873
278,20190301,0.008536544780045665
278,20190201,-0.015494707884493145
279,20190603,-0.010260446804214444
279,20190506,-0.04368820149116599
279,20190401,-0.041235022643964926
279,20190301,-0.04663858075054783
279,20190201,-0.023194944512620233
279,20190102,-0.04962756093207971
282,20190603,0.07076465531862254
282,20190301,0.029498513852657227
282,20190201,0.005012266053545921
282,20190102,-0.011408857265305628
283,20190603,-0.024919777543121732
283,20190506,-0.07477537343367334
283,20190401,-0.007285639651178346
283,20190301,-0.021568483038749996
283,20190201,-0.014754380147363156
283,20190102,-0.010245147119567954
284,20190603,0.04654675148431142
284,20190506,-0.06797324045332644
284,20190401,0.013079158235333238
284,20190301,0.00861239355474886
284,20190201,-0.010376611236219057
284,20190102,-0.0053497787902627315
285,20190603,-0.0038022626291309737
285,20190506,-0.043254582054216534
285,20190401,0.003270038878128311
285,20190301,-0.020280917992767135
285,20190201,0.03053404581149198
285,20190102,-0.0690150915720938
286,20190603,-0.015755984736366968
286,20190506,-0.0640380733281905
286,20190401,0.03038452588409131
286,20190301,0.0543553417018801
286,20190201,0.01464538808538027
286,20190102,-0.02674072920591794
287,20190603,0.0022294427985117844
287,20190506,-0.07710501544312251
287,20190401,0.025350684263169956
287,20190301,-0.0018985241653114212
287,20190201,0.020937589913100234
287,20190102,-0.0531306903561788
289,20190603,0.03209561897105359
289,20190506,-0.046669831050468805
289,20190401,-0.020411389377483963
289,20190301,0.03322958261491199
289,20190201,0.020038002641529475
289,20190102,-0.02131449061139446
290,20190603,-0.010067115690200733
290,20190506,-0.0218284808178568
290,20190401,0.012405186924662486
290,20190301,0.016177508270431726
290,20190201,-0.02061839855468929
290,20190102,-0.014597990822492767
291,20190603,0.0013772008674726114
291,20190506,-0.04761584576200876
291,20190401,0.007373509257974682
291,20190301,-0.007520278411336711
291,20190201,0.01680634937206222
291,20190102,-0.00046133268105214356
292,20190603,-0.09600722064317023
292,20190506,-0.03294381687450559
292,20190401,0.026011880314096826
292,20190301,0.017615434863353506
292,20190201,0.0445243053420328
292,20190102,0.030572504168869072
294,20190603,-0.005001824375165949
294,20190401,-0.03272626593242886
294,20190301,-0.0038497385382240974
294,20190201,-0.027578287563747833
294,20190102,-0.05315788613968105
295,20190301,0.01583656869266347
295,20190201,0.03735245051892437
295,20190102,-0.0037538613929230854
296,20190603,0.008681107728025965
296,20190506,-0.06459155050473218
296,20190401,-0.00825334456650493
296,20190301,0.020409358089513725
296,20190201,0.009367127731267839
296,20190102,-0.02176658115536636
298,20190603,-0.00339755945558976
298,20190506,-0.07014391285115702
298,20190401,-0.003716156633432154
298,20190301,-0.011036664302145461
298,20190201,-0.008408014634878868
298,20190102,-0.02569451275136772
299,20190603,-0.01733745007226865
299,20190506,-0.05041779023606233
299,20190401,-0.009391928554947259
299,20190301,-0.002946904825600182
299,20190201,0.02040955918532842
299,20190102,-0.049116422649076105
300,20190603,0.03270783605521082
300,20190506,-0.03016348459885608
300,20190401,0.0021649970276394533
300,20190301,0.04545616963374709
300,20190201,0.0035173710623824916
300,20190102,0.016885377438215048
302,20190603,-0.0011589629873598253
302,20190506,-0.08023843610733528
302,20190401,0.016821250520506086
302,20190301,0.0214133521621201
302,20190201,0.02790933816839282
302,20190102,-0.04361403263030846
303,20190603,-0.012073146743481374
303,20190506,-0.07834327063010774
303,20190401,0.002074993168846434
303,20190301,0.020246840069333923
303,20190201,0.013007538374931528
303,20190102,-0.05496940831193771
304,20190603,-0.0005753203111126346
304,20190506,-0.07396128299885796
304,20190401,0.01433065114274844
304,20190301,0.027121935241383927
304,20190201,-0.009603378568106743
304,20190102,-0.02174712457444595
305,20190603,-0.032131165143423845
305,20190401,-0.017200742650083672
305,20190301,0.011126790621342244
305,20190201,-0.007847837879845722
305,20190102,-0.05595999041118513
306,20190603,-0.014803257665047753
306,20190506,-0.06752056934263341
306,20190401,0.013681743958035774
306,20190301,0.03214975748330702
306,20190201,-0.002221296203818777
306,20190102,-0.02868511977705912
307,20190603,-0.01830885266088549
307,20190506,-0.0815333818389327
307,20190401,-0.021215970157542674
307,20190301,-0.0006215201118069686
307,20190201,-0.01317628265578475
307,20190102,-0.050091209160108376
308,20190603,-0.022698447154771467
308,20190506,-0.05585420437628345
308,20190401,-0.02979264464249095
308,20190301,-0.0076548717728663115
308,20190201,0.0020029087750503254
308,20190102,-0.03277171103448122
309,20190603,-0.045379876549700084
309,20190506,-0.06640996393889004
309,20190401,-0.034077945495111193
309,20190301,0.006702318151725374
309,20190201,-0.020644077085010162
309,20190102,-0.038829575776371715
310,20190603,0.0033125885068236213
310,20190506,-0.05702678719671854
310,20190401,-0.02138607327286296
310,20190301,0.00819548269151065
310,20190201,-0.00784613175710895
310,20190102,-0.007772041925799245
311,20190603,0.0008101425506164307
311,20190506,-0.052829425280027265
311,20190401,0.002834664159459264
311,20190301,0.014577126789055024
311,20190201,0.013457799154801877
311,20190102,0.0005698135328930636
312,20190603,-0.0044069186133456496
312,20190506,-0.005237075317661906
312,20190401,-0.030367696205587227
312,20190301,0.02247257040351626
312,20190201,0.005168319367029632
312,20190102,-0.007872843869869832
314,20190603,-0.01764885401817963
314,20190506,-0.1030626765568789
314,20190401,0.017134384327442694
314,20190301,0.022333418088516438
314,20190201,-0.014855943837499155
314,20190102,-0.028840283014158703
315,20190201,-0.035044935020376256
315,20190102,-0.028737779292976863
316,20190201,-0.017235719952090625
316,20190102,-0.003658812580813608
317,20190603,-0.0011858231811707424
317,20190506,-0.09632308028887364
317,20190201,-0.04150362868774532
317,20190102,-0.005858776223615323
318,20190603,-0.04880492575006719
318,20190506,-0.10001056086329485
318,20190401,0.013352009853832504
318,20190301,0.01052872642346885
318,20190201,1.8267251498725254e-05
318,20190102,-0.053066789304339695
319,20190603,0.00833083828644624
319,20190506,-0.06266530266998885
319,20190401,0.025062211237336818
319,20190301,0.02542210945582496
319,20190201,-0.027371245352387844
319,20190102,-0.01770264277966098
320,20190603,0.029105417601206135
320,20190506,-0.08581882502836453
320,20190401,0.045533572809379266
320,20190301,0.002597071109459481
320,20190201,-0.014922529387112473
320,20190102,-0.02245026216221605
321,20190603,-0.025039283485559394
321,20190506,0.04417859484150173
321,20190401,-0.04462838593782645
321,20190301,0.12032220520218632
321,20190201,0.03883829420535841
321,20190102,0.008018510813595161
322,20190603,0.0012880126663267506
322,20190506,-0.07986399910937965
322,20190401,-0.020067026070288124
322,20190301,0.010937845565236885
322,20190201,0.021172532579222657
322,20190102,-0.057660576237098526
324,20190603,-0.010778673118771927
324,20190506,-0.11531263792343852
324,20190401,-0.001696758603839681
324,20190301,0.0024366269913671506
324,20190201,0.002049453279515027
324,20190102,-0.04716776606907788
325,20190603,-0.017261692153118027
325,20190506,-0.08842214378908103
325,20190401,-0.019101938649511048
325,20190301,-0.02640050842872077
325,20190201,-0.03260995556655651
325,20190102,-0.032095605943718686
326,20190603,-0.02900490389160281
326,20190506,-0.058990679343497325
326,20190401,-0.015995696313187473
326,20190301,-0.02116088885365621
326,20190201,-0.020749427307201362
326,20190102,-0.06531774265393117
327,20190401,-0.008412853528066465
327,20190301,0.009846398102739162
327,20190201,-0.012407161820566212
327,20190102,-0.08220654844610842
328,20190603,0.010076417840791057
328,20190506,-0.08071967719808064
328,20190401,0.0011425871279197117
328,20190301,-0.013987800931212479
328,20190201,-0.010159117913589798
328,20190102,-0.059618761189870695
329,20190603,-0.00722697133037763
329,20190506,-0.0944443263180903
329,20190401,-0.0021518634914903054
329,20190301,-0.0142327117384688
329,20190201,0.004674886034533596
329,20190102,-0.04156601847741572
331,20190401,-0.017109435741883096
331,20190301,-0.00033503595555244535
331,20190201,0.007238658483525786
331,20190102,-0.017050294671930373
332,20190603,0.02021184671849445
332,20190506,-0.06692573929573031
332,20190401,0.05963252102547602
332,20190301,-0.01758233945184655
332,20190201,0.11113873485337698
332,20190102,-0.025434582875394948
333,20190603,-0.010495131196157316
333,20190506,-0.10648814056728093
333,20190401,-0.012091707623349832
333,20190301,-0.003189088750638747
333,20190201,-0.03572856605307644
333,20190102,-0.062318198310828216
334,20190603,0.0062471674544642055
334,20190506,0.001998706960590733
334,20190401,-0.11836548589216407
334,20190301,0.11651639529815859
334,20190201,0.06712099802174734
334,20190102,-0.011475827838781054
335,20190603,-0.021686646642111767
336,20190603,-0.0060584076787476935
336,20190506,-0.0679604588417994
336,20190401,-0.020286935907555453
336,20190301,0.01630349179849387
336,20190201,-0.0080808783659577
336,20190102,-0.03888639003231889
337,20190603,-0.04771680857388348
337,20190201,0.01642370103482544
337,20190102,-0.022571186087727707
338,20190603,0.0010551298022863625
338,20190506,-0.053609399157325655
338,20190401,0.01564898121863261
338,20190301,-0.00664733870935914
338,20190201,-0.0004746644715798807
338,20190102,0.017086857694259827
339,20190603,0.008543897389950714
339,20190506,-0.09174163377817803
340,20190603,-0.024699775177417498
340,20190506,-0.0883305681208484
340,20190401,-0.028758414364419484
340,20190301,0.017126147733127428
340,20190201,-0.0019272490551352477
340,20190102,-0.03265718268122076
341,20190603,-0.01760543646348047
341,20190401,-0.052878359673164066
341,20190301,-0.016122890394054554
341,20190201,0.010494030875192009
341,20190102,-0.012129208263696858
342,20190401,-0.00323397787909367
343,20190603,0.034000987692472666
343,20190506,-0.06546486666974488
343,20190401,-0.0039015753304350604
343,20190301,-0.007495248880980165
343,20190201,-0.02420897558784751
343,20190102,-0.013087623857402583
344,20190603,-0.001020712137477538
344,20190506,-0.09186713987566941
344,20190401,-0.053622124880114565
344,20190301,0.022713977374546716
344,20190201,-0.015668894128035123
344,20190102,-0.03908488734113914
345,20190603,0.0006927944871652197
345,20190506,0.01961538097791389
345,20190401,-0.012131956210385314
345,20190301,-0.04282362887398436
345,20190201,0.03330235157080701
345,20190102,-0.012399978969819073
346,20190603,0.008048965212775866
346,20190506,-0.07122145161646888
346,20190401,-0.0078010571730132375
346,20190301,0.03591183540285254
346,20190201,-0.011103977621370489
346,20190102,0.0036014278277454823
347,20190603,0.009123028229639748
347,20190506,0.022816434807808976
347,20190401,0.0263440730347769
347,20190301,0.01758844873099879
347,20190201,-0.007508515261769417
347,20190102,-0.028656338777292137
349,20190603,-0.017692310892738122
349,20190506,-0.09249372733443402
349,20190401,0.010114614628604022
349,20190301,0.01491886636082721
349,20190201,-0.018640543168259797
349,20190102,-0.0224044214702478
350,20190603,-0.04189041809527857
350,20190506,-0.03577913148968241
350,20190401,-0.0031240329412912902
350,20190301,-0.005194769581365324
350,20190201,-0.0427040767008383
350,20190102,-0.01773117038762482
351,20190603,-0.016668971457738192
351,20190506,-0.07499448209286018
351,20190401,-0.05349984721516084
351,20190301,-0.0007938754938444266
351,20190201,-0.030042297958413233
351,20190102,-0.005476874653629108
353,20190603,-0.017778332160821628
353,20190506,-0.03363179474154519
353,20190401,-0.004265258601720145
353,20190301,0.016805941973910922
353,20190201,-0.02414974203414934
353,20190102,-0.04101885100927499
354,20190603,-0.02605208079586535
354,20190506,-0.07343637618815331
354,20190401,-0.004866418902837488
354,20190301,-0.03384440606195372
354,20190201,0.017711152046701657
354,20190102,-0.018142261567622248
357,20190603,0.011342456520074656
360,20190603,0.002504965518636647
360,20190506,-0.11649571982634156
360,20190401,-0.030291210755643318
360,20190301,-0.0489706737618496
360,20190201,-0.020610686820142
360,20190102,-0.05248462705531244
361,20190603,0.007908574720917978
361,20190506,-0.024446104484183245
361,20190401,-0.003406669005563809
361,20190201,0.002249847733938092
361,20190102,-0.01037399182654962
362,20190603,0.020809958362400266
362,20190506,-0.0791426537842336
362,20190401,-0.01684578462062542
362,20190301,0.026872893440712496
362,20190201,0.01138040066709199
362,20190102,-0.042100109088794635
364,20190603,-0.0012366478833770282
364,20190506,-0.09105925361234264
364,20190401,0.0058602254492252474
364,20190301,0.047347988561086275
364,20190201,-0.005922892588976002
364,20190102,-0.013825428120042357
365,20190603,0.0009613793980161062
365,20190506,-0.06128306904285073
365,20190401,-0.050038190503352675
365,20190301,0.035299795193490975
365,20190201,-0.013323972723926684
365,20190102,-0.0355541271643961
366,20190603,0.02488314157172837
366,20190506,-0.05965884253041247
366,20190401,0.012208358227365582
366,20190301,0.018563425262175318
366,20190201,0.017311914628883644
366,20190102,-0.019127031885435273
367,20190603,0.008752704853949042
367,20190506,-0.09067478168595523
367,20190401,0.00014121651035460363
367,20190301,0.0055562143359096875
367,20190201,-0.040484283698058225
367,20190102,-0.00963843108437015
369,20190603,0.032356422853316774
369,20190506,-0.09199950423692152
369,20190401,0.027222559484364986
369,20190301,-0.007187175415323972
369,20190201,0.04730721765545412
370,20190603,-0.036766476846096144
370,20190506,-0.08210205224518265
370,20190301,0.021113099000157308
370,20190201,0.021321030935458736
370,20190102,-0.069001327716133
373,20190603,-0.02560954813930611
373,20190506,-0.07759575316772328
373,20190401,0.010948440959276549
373,20190301,-0.00048128251329395376
373,20190201,-0.004620620288299937
373,20190102,-0.04169994932090074
375,20190603,-0.01615483314184149
375,20190506,-0.05221633458031303
375,20190401,-0.010156748084342993
375,20190301,0.02430536539553202
375,20190201,-0.0032930884684675924
375,20190102,-0.029169121900275242
376,20190401,0.06414645697400106
376,20190301,0.012431800122738987
376,20190201,-0.02691005510318239
376,20190102,-0.014494403331160468
377,20190603,-0.06510067822275203
377,20190506,-0.023466717203030764
377,20190401,-0.024136536313890764
377,20190301,-0.015368961049480183
377,20190201,0.01764183061487605
377,20190102,-0.09012913394298298
378,20190603,-0.007323299580949355
378,20190506,-0.060833448408112806
378,20190401,0.014306053282481248
378,20190301,0.04321217423523833
379,20190603,-0.034705141433686526
379,20190506,-0.10936409375717075
379,20190401,0.005967708597972887
379,20190301,-0.006659275005644437
379,20190201,-0.007612755626769803
379,20190102,-0.0649585116609244
380,20190603,-0.03837154361466675
380,20190506,-0.06196503021192543
380,20190401,0.0016013830114826027
380,20190301,0.0021944423108608956
380,20190201,0.005434294503052559
380,20190102,-0.05017813692650716
381,20190603,-0.008780541757657313
381,20190506,-0.0959602737581739
381,20190401,-0.0023999524135442252
381,20190301,0.009352086133237915
381,20190201,-0.00854409298335527
381,20190102,-0.036300754264978696
382,20190401,0.03557386312565567
382,20190301,0.01481761280398417
382,20190201,-0.01880452366617419
382,20190102,-0.046061451754117244
383,20190603,-0.05359066322201474
383,20190506,-0.13788908483167198
383,20190401,0.008381248279209426
383,20190301,0.007985784991785478
383,20190201,-0.017146167404323988
383,20190102,-0.04512923616417823
384,20190603,-0.01587181101616239
384,20190506,-0.051240265365288404
384,20190401,0.009641478812923014
385,20190603,-0.019628056400298292
385,20190506,-0.1475992088198475
385,20190401,-0.04570101040493435
385,20190301,-0.014290094891367554
385,20190201,-0.04472261340872842
385,20190102,-0.03341569622670329
386,20190603,-0.0185021629088285
386,20190506,-0.10160074991027479
386,20190401,-0.009868060899509042
386,20190301,-0.011515847735590305
386,20190201,-0.02369087028642962
386,20190102,-0.0042300768531474495
387,20190603,-0.007154833842031651
387,20190506,-0.0744097596368341
387,20190401,-0.011431930169396485
387,20190301,0.019585173552499245
387,20190201,-0.007634741789191746
387,20190102,-0.0403386212520599
388,20190603,-0.022908267567127265
388,20190506,-0.0563648247733695
388,20190401,-0.011570326321566043
388,20190301,0.009183813006435912
388,20190201,-0.0316232223759527
388,20190102,-0.006790153040603892
389,20190603,-0.02709954450175079
389,20190506,-0.09545396222063302
389,20190401,0.005489836933707476
389,20190301,0.016110431190598302
389,20190201,-0.013037668497572808
389,20190102,-0.034256835547692384
390,20190603,-0.014901601697121736
390,20190506,-0.08486201103706423
390,20190401,-0.08656190185470618
390,20190301,0.024102656425570197
390,20190201,-0.020217970965470122
390,20190102,-0.014516209039331202
391,20190603,-0.008843213804644343
391,20190506,-0.07650119458428292
391,20190401,-0.05503097046317314
391,20190301,-0.01650865476924361
391,20190201,-0.028396221942130068
391,20190102,-0.024854401885251946
393,20190603,-0.01349155401678124
393,20190506,-0.04260573143725156
393,20190401,0.03678527470726288
393,20190301,0.024182206745109333
393,20190201,0.03470492212767594
393,20190102,-0.021861384407718967
394,20190603,-0.021465053154920484
394,20190506,-0.05339593130744263
394,20190401,0.012738627138423232
395,20190603,0.02298309024556932
395,20190506,-0.09665430886761633
395,20190401,-0.0012848386101246452
395,20190301,0.011732063897457646
395,20190201,0.0025799467993359113
395,20190102,0.017533965217133317
396,20190603,-0.01677601371190543
396,20190506,-0.0618684658148766
396,20190401,-0.014338014471148144
396,20190301,0.014797517770186395
396,20190201,0.0042891754808309646
396,20190102,0.02875960714196002
397,20190603,-0.005633316575541536
397,20190506,-0.0481083417715778
397,20190401,0.025178227691116002
397,20190301,-0.009181062871806025
397,20190201,-0.012651857651879667
397,20190102,-0.04768536524634673
399,20190603,-0.035945831117667686
399,20190506,-0.14731249303439153
399,20190401,0.015131894951409165
399,20190301,-0.004207852417137704
399,20190201,-0.021066902887523397
399,20190102,-0.04701129298049129
400,20190603,-0.021631420284137007
400,20190506,-0.06992215758449644
400,20190401,-0.008969857611473174
400,20190301,0.026123108551954287
400,20190201,-0.00781390902091989
400,20190102,-0.011139753270400869
402,20190603,-0.06635883614713997
402,20190506,-0.07472333398568146
402,20190401,-0.00638750313258815
402,20190301,0.029754878536017257
402,20190201,0.005519887456635437
402,20190102,-0.011985887657808248
403,20190603,0.013497398803142545
403,20190506,-0.058973574518706565
403,20190401,-0.02401512157846375
403,20190301,-0.027096834168667677
403,20190201,-0.02688352961656127
403,20190102,-0.008073398487198888
404,20190301,0.0038264886579213436
404,20190201,0.008052892512215254
404,20190102,0.0289000161881428
405,20190603,-0.012516932391485571
405,20190506,-0.09225365290724773
405,20190401,-0.01507516209682142
405,20190201,0.044401716534970034
405,20190102,-0.04424345697883142
407,20190603,-0.01130561665840508
407,20190506,-0.06686752197433456
407,20190401,0.0027962255606009487
407,20190301,0.022965201441532447
407,20190201,0.012378848910603367
407,20190102,-0.029099179500742423
408,20190603,0.001148788204962014
408,20190506,-0.07175437471722132
408,20190401,-0.035013070393305486
409,20190603,-0.012904118179926611
409,20190506,-0.07826020420064805
409,20190201,-0.03876422265072418
409,20190102,-0.03900254301523913
411,20190603,-0.0076132475777156445
411,20190506,-0.07170977690259293
411,20190401,0.011502858073712744
411,20190301,0.012381397144366245
411,20190201,-0.04329513255015918
411,20190102,-0.0023311377495205832
412,20190603,0.0003713304459058535
412,20190506,-0.06873859523846489
412,20190401,0.014522335650599119
412,20190301,0.05552391108522263
412,20190201,0.0022967967363238025
412,20190102,-0.027903867006677442
413,20190603,0.00673748474167077
413,20190506,-0.06368219213003384
413,20190401,0.0323193838485455
413,20190301,0.042775176342764905
413,20190201,0.005451615030226306
413,20190102,-0.02035299219629392
414,20190603,0.009751612746108291
414,20190401,0.014293885866238741
414,20190301,0.037410053931890716
414,20190201,0.01534391120567446
414,20190102,0.01198578943279329
415,20190603,0.012369052061552971
415,20190506,-0.06856873086985549
415,20190401,-0.03693352900623284
415,20190301,-0.0060219939939487824
415,20190201,0.0402585789883698
415,20190102,-0.06138334488323013
417,20190603,0.12596384742675248
417,20190506,0.011580021381592557
417,20190401,0.0030666374891897396
417,20190301,0.10418930998892996
418,20190603,-0.010579996922091831
418,20190506,-0.0650062340393097
418,20190201,-0.006277377859302919
418,20190102,-0.0240077232718214
419,20190603,-0.003244921915930633
419,20190301,0.028597870071305195
419,20190201,0.00038822595981191817
419,20190102,-0.04345591477925302
420,20190603,-0.045514819423307096
420,20190506,-0.07706102851381678
420,20190401,-0.034809009021749666
420,20190301,-0.002918752063786393
420,20190201,-0.024468868077758887
420,20190102,-0.037733733094920424
421,20190603,-0.02454882516584915
421,20190506,-0.09315671222571797
421,20190401,-0.019182522386611084
422,20190603,-0.015160968529141377
422,20190506,-0.06748187594410247
422,20190401,-0.01595942896547152
422,20190301,0.026440509531535802
422,20190201,0.013241067507465036
422,20190102,-0.011096437276270864
423,20190603,-0.03281216663724835
423,20190506,-0.09517808085767752
423,20190401,-0.01478370745859497
423,20190301,-0.014414182087367675
423,20190201,-0.023249545431420784
423,20190102,-0.015326391223646351
424,20190603,-0.008679191516855578
424,20190506,-0.037339781042929385
424,20190401,-0.00554375236167131
424,20190301,-0.01666208587162492
424,20190201,0.007527046215251047
424,20190102,-0.02784529023631089
425,20190603,-0.01502942041283209
425,20190506,-0.04520132151825501
425,20190401,-0.0498141878115342
425,20190301,-0.0051575778414188235
425,20190201,-0.0031399773100236547
425,20190102,-0.05419780018261041
426,20190603,-0.023400333929840672
426,20190506,-0.09501460246445148
426,20190401,-0.03474824138554066
426,20190301,-0.0841094664671174
426,20190201,-0.024621515026019586
426,20190102,-0.03635301460101145
427,20190603,-0.00268137304748064
427,20190506,-0.07193712551307058
427,20190401,-0.01689363102293353
427,20190301,-0.003196607612037045
427,20190201,-0.03971190212535241
428,20190401,-0.034721392205632806
428,20190301,-0.034282082603688445
428,20190201,-0.018005593690917553
428,20190102,-0.010768461551848262
429,20190603,-0.025687106113282003
429,20190506,-0.06254539801880088
429,20190401,0.01915345621364723
429,20190301,0.025465155560563293
429,20190201,0.03303771526711699
429,20190102,-0.041883269387148314
430,20190603,0.002187714784729849
430,20190506,-0.08909476586584857
430,20190401,0.004866616204032821
430,20190301,0.03283092366707081
430,20190201,0.013584774021628174
430,20190102,-0.034148541606432894
431,20190401,0.011326866756554711
431,20190301,0.006955204988235207
431,20190201,-0.062227292850290494
431,20190102,-0.02470125285104588
433,20190603,0.06920103750093255
433,20190506,-0.0916620763920597
433,20190401,-0.013639578174444984
433,20190301,0.004158024309168838
433,20190201,-0.003347922608905639
433,20190102,-0.019515871891418707
434,20190603,-0.007172014269408064
434,20190506,-0.06653636586406404
434,20190401,-0.006043851121944421
434,20190301,-0.04556405468790729
434,20190201,0.03482339573975938
434,20190102,-0.055063814296790595
435,20190603,0.006996208732285845
435,20190506,-0.04380025781979832
435,20190401,-0.0884672059410579
435,20190301,0.07866225321848194
435,20190201,-0.0048344559092264126
435,20190102,-0.02065282085293639
436,20190603,-0.016883335255736917
436,20190506,-0.08129730696653767
436,20190401,-0.12964397288106633
436,20190301,0.037609216014096794
436,20190201,-0.039912347446934886
436,20190102,-0.06185328500139044
437,20190603,-0.022375469659445056
437,20190506,-0.09634846382726799
437,20190401,-0.06422714231922695
437,20190301,-0.02655881942655826
437,20190201,-0.027317772703127526
437,20190102,-0.0361710962837352
439,20190603,-0.021935739388428813
439,20190506,-0.10436521836889055
439,20190401,-0.04406692826174217
439,20190301,0.035820760694821374
439,20190201,-0.02241970272285168
439,20190102,-0.030849782408699414
440,20190603,0.044012123787146154
441,20190603,0.015391909904703472
441,20190506,-0.04713866979615415
441,20190401,0.019776734589384844
441,20190301,0.0464753387980196
441,20190201,-0.02900573881851705
441,20190102,0.01986352761392525
442,20190603,0.008320122861675492
442,20190506,-0.030289884527389427
442,20190401,-0.055011870431842205
442,20190301,0.03926028465311798
442,20190201,-0.002853553037861013
442,20190102,-0.010797209172116936
443,20190603,-0.02229327034239515
443,20190506,-0.08045780697198202
443,20190401,0.0032957094294588426
443,20190301,-0.0014870654194633747
443,20190201,-0.017548819482858607
443,20190102,-0.04542249035560639
444,20190603,-0.005628470901832303
444,20190506,-0.03426281632209578
444,20190401,0.015826626232300252
444,20190301,0.02734645739749432
444,20190201,-0.024188805902117187
444,20190102,-0.02455427546385386
445,20190603,-0.008291739565617027
445,20190506,-0.07680597000356935
445,20190401,-0.04989248565091949
445,20190301,0.016314960870891376
445,20190201,-0.04392685841710828
447,20190603,0.004050379570060448
447,20190506,-0.06591320288737841
447,20190401,0.002597375316839538
447,20190301,0.026038589766355487
447,20190201,-0.027822189293776597
447,20190102,-0.022465654522469833
448,20190603,0.020217176121336063
448,20190506,-0.03815186556715461
448,20190401,-0.051657082327643614
448,20190301,0.06337828028934805
448,20190201,0.03985461760650297
448,20190102,0.0435050209810089
450,20190603,0.030832405086784462
450,20190506,-0.07732427635020718
450,20190401,-0.01438321109804261
450,20190301,0.07703446764809455
450,20190201,0.08543437554799471
450,20190102,0.03992571102744674
451,20190603,0.00447741725277395
451,20190506,-0.10029583141752388
451,20190401,-0.015882238978026354
451,20190301,-0.007894984872925774
451,20190201,-0.040564803729214956
451,20190102,-0.028752804350640912
453,20190603,0.009936859375910356
453,20190506,-0.05671031090274956
453,20190401,-0.026019255449985144
453,20190301,0.0012430331607864772
453,20190201,0.0020374875070881277
453,20190102,-0.015772200032212972
454,20190603,0.000260146076445698
454,20190506,-0.08876206368571016
454,20190401,-0.005016173356741864
454,20190301,-0.012225489646513713
454,20190201,-0.01495334099501933
454,20190102,-0.028461742983319126
455,20190603,-0.05841772750569289
455,20190506,-0.10265450089942056
455,20190401,-0.02190820498332089
455,20190301,0.006587045817942722
455,20190201,-0.011174270447343723
455,20190102,-0.03053785235666434
457,20190603,-0.0016016004684082218
457,20190506,-0.04376553122765522
458,20190201,-0.021513896050737454
458,20190102,-0.04327484203021288
459,20190603,0.02372966270213024
459,20190506,-0.11237762223671735
459,20190401,-0.006202508349739186
459,20190301,-0.029777894967502827
459,20190201,-0.03258377216743777
459,20190102,-0.05596802512264057
460,20190603,-0.04213583611928218
460,20190506,-0.08701093265652873
461,20190603,-0.023254848684758612
461,20190401,0.013897069979023879
461,20190301,0.025244922001323368
461,20190201,0.005348182332316898
461,20190102,-0.03889944265350176
462,20190603,-0.009514168495867134
462,20190506,-0.0860834754139114
462,20190401,0.06299259370533453
462,20190301,0.08491571103583308
462,20190201,-0.0008897310082059007
462,20190102,-0.0041813341622508
463,20190603,0.043223552454440754
463,20190506,-0.07241742947705936
463,20190401,-0.0646733556973827
463,20190301,-0.026035815774099275
463,20190201,0.01882390717503473
463,20190102,-0.05713577201200214
464,20190603,-0.023172842534311427
464,20190506,-0.005855698750262256
464,20190401,-0.010273277737455089
464,20190301,-0.005517541706532127
464,20190201,-0.00537361117326071
464,20190102,-0.07393119672715133
465,20190603,-0.01112910013345631
465,20190506,-0.053462291035708855
465,20190401,0.007430853901406251
465,20190301,-0.0011841443423638975
465,20190201,0.009925004194726644
465,20190102,-0.0502732781862088
466,20190603,-0.004576011421055386
466,20190506,-0.06496864398967185
466,20190401,0.0027866160479041984
466,20190301,0.011513824039777727
466,20190201,-0.02053534161804836
466,20190102,0.008466429537040727
467,20190603,-0.04554551437322471
467,20190506,-0.03729588144899552
467,20190401,-0.0459856475677643
467,20190301,0.009913355691221292
467,20190201,0.009566046382433855
467,20190102,-0.04058276180142645
468,20190603,0.011611996186920373
468,20190506,-0.03126249582515025
468,20190401,-0.032698471244562016
468,20190301,0.008831789070763438
468,20190201,-0.010642340926153961
468,20190102,0.014130813245817829
469,20190603,-0.1211908049309723
469,20190506,-0.09910309274238348
469,20190401,0.018251688055151316
469,20190301,-0.037794451780795546
469,20190201,-0.040847074653049084
469,20190102,-0.045114950133284024
470,20190603,-0.012778094717374395
470,20190506,-0.057129757499772255
470,20190401,-0.04656407278372814
470,20190301,-0.03323971864343233
470,20190201,-0.012330060392332082
470,20190102,-0.04242028560154914
471,20190603,-0.024135040442841392
471,20190401,-0.10897753115061494
471,20190301,0.01209738236963835
471,20190201,0.018586285432639592
471,20190102,-0.02920590470911344
472,20190603,-0.03366296393380896
472,20190506,-0.08220534000747164
472,20190401,-0.04407258552274404
472,20190301,-0.023065007756411335
472,20190201,-0.03138543618922357
472,20190102,-0.05991778769002602
473,20190603,-0.032827643485351374
473,20190506,-0.06186365829686047
473,20190401,-0.003937491685793418
473,20190301,-0.0028785922508079275
473,20190201,-0.007336186093258248
473,20190102,-0.032336712199363946
474,20190603,0.009941163746684223
474,20190506,-0.060506797372129315
474,20190401,0.000686256079996032
474,20190301,0.027313749610594046
474,20190201,-0.02740990972322606
474,20190102,-0.020573334069352356
475,20190603,0.05811409341022203
475,20190506,-0.08387500704798481
475,20190401,-0.012474952397544464
475,20190301,0.012909258371757179
475,20190201,-0.018963697443323102
475,20190102,-0.027907251081068313
476,20190603,0.059336755997601076
476,20190506,-0.051813148910308714
476,20190401,0.014975771999371263
476,20190301,0.09848308572901149
476,20190201,-0.007346276009969224
476,20190102,-0.0016871597518354669
477,20190401,0.12117045998214392
477,20190301,0.16180659011476106
477,20190201,0.12617363424619887
477,20190102,0.04891351262282981
478,20190603,-0.03902190811352705
478,20190506,-0.0831806352303122
478,20190401,-0.0581939470766728
478,20190301,-0.03362164170082735
478,20190201,-0.011753510509731082
478,20190102,-0.05345156120882065
479,20190603,0.014969731907315797
480,20190603,-0.005404853092504202
480,20190506,-0.0721684957054587
480,20190401,0.017581631211844105
480,20190301,-0.004926980530893564
480,20190201,-0.0027488860671539246
480,20190102,-0.04515943163871018
481,20190603,-0.02906994810599116
481,20190506,-0.033068810304410785
481,20190401,-0.017101221406419335
481,20190301,0.0009082249529765388
481,20190201,0.00842307269334376
481,20190102,-0.029884892067350788
482,20190603,0.01547922653516959
482,20190506,-0.07010602008829435
482,20190401,0.009714996172199846
482,20190301,-0.04248266439021967
482,20190201,0.004634974606007912
482,20190102,-0.054064932911469236
483,20190603,-0.016444474240939345
483,20190506,-0.010443302555059136
483,20190401,-0.03436679716617407
483,20190301,-0.04505898830946843
483,20190201,-0.03737924084582087
483,20190102,-0.044616753330617306
484,20190603,-0.012724551387644258
484,20190506,-0.09376250789463826
484,20190401,-0.04581017855831615
484,20190301,-0.002924342970250163
484,20190201,0.00756225962044489
484,20190102,-0.060999034947571126
485,20190603,0.01678052825414321
485,20190506,-0.1005851870420031
485,20190401,0.01218927577140985
485,20190301,0.023870452664028825
485,20190201,0.0010127933526105862
485,20190102,-0.03756554309865797
486,20190603,-0.04690046157788579
486,20190506,0.010314213440340126
486,20190401,-0.06901858948098527
486,20190301,0.00792779798914696
486,20190201,0.031215441336942637
486,20190102,-0.03876299153695545
487,20190603,0.00903101177674589
487,20190506,-0.07557780958799197
487,20190401,0.0018964931190034225
487,20190301,-0.0016295734975748308
487,20190201,0.0067771225371365835
487,20190102,-0.020392266779438832
488,20190603,0.02564597241520032
488,20190506,-0.035480433709520184
489,20190603,-0.060318313418038214
489,20190506,-0.05145232722208127
489,20190401,0.000794244785379589
489,20190301,-0.03801214819987137
489,20190201,0.028313783332347665
489,20190102,-0.04082747355140783
