ticker,monthBeginDate,chgPct
000006,2019-06-03,-0.00728597
000006,2019-05-06,-0.1
000006,2019-04-01,-0.0962963
000006,2019-03-01,0.10655738
000006,2019-02-01,0.18677043
000006,2019-01-02,-0.00772201
000008,2019-06-03,-0.01049869
000008,2019-05-06,-0.11188811
000008,2019-04-01,-0.07142857
000008,2019-03-01,-0.01070664
000008,2019-02-01,0.28296703
000008,2019-01-02,-0.06426735
000009,2019-06-03,-0.01381693
000009,2019-05-06,-0.0631068
000009,2019-04-01,-0.07898659
000009,2019-03-01,0.3003876
000009,2019-02-01,0.26781327
000009,2019-01-02,-0.05568445
000012,2019-06-03,-0.10729614
000012,2019-05-06,-0.04897959
000012,2019-04-01,-0.11552347
000012,2019-03-01,0.12373225
000012,2019-02-01,0.20833333
000012,2019-01-02,0.02255639
000021,2019-06-03,-0.10165746
000021,2019-05-06,0.09299517
000021,2019-04-01,-0.11727079
000021,2019-03-01,0.27445652
000021,2019-02-01,0.26243568
000021,2019-01-02,0.01391304
000025,2019-06-03,-0.02318841
000025,2019-05-06,-0.31137725
000025,2019-04-01,-0.07621389
000025,2019-03-01,0.13064628
000025,2019-02-01,0.18241578
000025,2019-01-02,-0.08220211
000027,2019-06-03,0.04201681
000027,2019-05-06,-0.013267
000027,2019-04-01,-0.07087827
000027,2019-03-01,0.06219313
000027,2019-02-01,0.20512821
000027,2019-01-02,-0.03428571
000028,2019-06-03,-0.02312004
000028,2019-05-06,-0.09144918
000028,2019-04-01,-0.08467664
000028,2019-03-01,0.16545948
000028,2019-02-01,0.1284802
000028,2019-01-02,-0.05526062
000031,2019-06-03,0.04220779
000031,2019-05-06,-0.10595065
000031,2019-04-01,0.05030488
000031,2019-03-01,0.12908778
000031,2019-02-01,0.17849899
000031,2019-01-02,0.0102459
000039,2019-06-03,-0.14078842
000039,2019-05-06,-0.12093352
000039,2019-04-01,-0.05227882
000039,2019-03-01,0.12773998
000039,2019-02-01,0.18761221
000039,2019-01-02,0.05293006
000060,2019-06-03,-0.03099174
000060,2019-05-06,-0.04724409
000060,2019-04-01,0.00594059
000060,2019-03-01,0.04123711
000060,2019-02-01,0.20347395
000060,2019-01-02,0.01767677
000061,2019-06-03,-0.02867384
000061,2019-05-06,-0.02276708
000061,2019-04-01,-0.04674457
000061,2019-03-01,0.02568493
000061,2019-02-01,0.2346723
000061,2019-01-02,-0.02474227
000062,2019-06-03,-0.07644197
000062,2019-05-06,-0.32945014
000062,2019-04-01,-0.03463788
000062,2019-03-01,0.10049505
000062,2019-02-01,0.18823529
000062,2019-01-02,0.02040816
000066,2019-06-03,0.05112474
000066,2019-05-06,0.11771429
000066,2019-04-01,-0.17218543
000066,2019-03-01,0.52745665
000066,2019-02-01,0.29104478
000066,2019-01-02,0.13080169
000078,2019-06-03,-0.0984456
000078,2019-05-06,-0.07211538
000078,2019-04-01,-0.05668934
000078,2019-03-01,0.08888889
000078,2019-02-01,0.35
000078,2019-01-02,0.00671141
000089,2019-06-03,0.05331754
000089,2019-05-06,-0.05698324
000089,2019-04-01,-0.10767697
000089,2019-03-01,0.04916318
000089,2019-02-01,0.18463445
000089,2019-01-02,0.03594352
000090,2019-06-03,-0.24349158
000090,2019-05-06,-0.07375887
000090,2019-04-01,0.01878613
000090,2019-03-01,0.16302521
000090,2019-02-01,0.24217119
000090,2019-01-02,0.04130435
000156,2019-06-03,-0.06694915
000156,2019-05-06,0.03781882
000156,2019-04-01,-0.06726825
000156,2019-03-01,0.21293532
000156,2019-02-01,0.21966019
000156,2019-01-02,0.03909206
000158,2019-06-03,-0.04745167
000158,2019-05-06,-0.0306644
000158,2019-04-01,-0.14181287
000158,2019-03-01,0.17728055
000158,2019-02-01,0.23880597
000158,2019-01-02,-0.10153257
000301,2019-06-03,0.05172414
000301,2019-05-06,-0.12268908
000301,2019-04-01,-0.00833333
000301,2019-03-01,0.11111111
000301,2019-02-01,0.11111111
000301,2019-01-02,-0.10989011
000400,2019-06-03,0.00554939
000400,2019-05-06,-0.07967314
000400,2019-04-01,-0.07641509
000400,2019-03-01,-0.04072398
000400,2019-02-01,0.09840954
000400,2019-01-02,0.13160855
000401,2019-06-03,0.05197133
000401,2019-05-06,0.03461063
000401,2019-04-01,-0.08015918
000401,2019-03-01,0.1496732
000401,2019-02-01,0.1778291
000401,2019-01-02,0.04927302
000426,2019-06-03,0.06759443
000426,2019-05-06,-0.09694794
000426,2019-04-01,-0.11022364
000426,2019-03-01,-0.04281346
000426,2019-02-01,0.10847458
000426,2019-01-02,0.18473896
000488,2019-06-03,-0.00740741
000488,2019-05-06,-0.09243697
000488,2019-04-01,-0.11982249
000488,2019-03-01,-0.0102489
000488,2019-02-01,0.20884956
000488,2019-01-02,0.00713012
000501,2019-06-03,0.02870813
000501,2019-05-06,-0.10607357
000501,2019-04-01,-0.02664446
000501,2019-03-01,0.09181818
000501,2019-02-01,0.12359551
000501,2019-01-02,0.03270042
000513,2019-06-03,0.07020934
000513,2019-05-06,-0.09050967
000513,2019-04-01,-0.02429266
000513,2019-03-01,0.04603886
000513,2019-02-01,0.23113728
000513,2019-01-02,0.08031809
000519,2019-06-03,-0.0239899
000519,2019-05-06,0.02857143
000519,2019-04-01,-0.125
000519,2019-03-01,0.08641975
000519,2019-02-01,0.28571429
000519,2019-01-02,0.00158983
000528,2019-06-03,0.0152439
000528,2019-05-06,-0.10748299
000528,2019-04-01,-0.05648267
000528,2019-03-01,0.0627558
000528,2019-02-01,0.18225806
000528,2019-01-02,0.0214168
000536,2019-06-03,-0.06666667
000536,2019-05-06,-0.05923345
000536,2019-04-01,-0.15339233
000536,2019-03-01,-0.0173913
000536,2019-02-01,1.05357143
000536,2019-01-02,-0.10160428
000537,2019-06-03,-0.01704545
000537,2019-05-06,-0.14355231
000537,2019-04-01,-0.10749186
000537,2019-03-01,0.05377574
000537,2019-02-01,0.25574713
000537,2019-01-02,-0.07076101
000541,2019-06-03,0.00191205
000541,2019-05-06,-0.11952862
000541,2019-04-01,-0.00668896
000541,2019-03-01,0.01528014
000541,2019-02-01,0.1617357
000541,2019-01-02,-0.02123552
000543,2019-06-03,0.01948052
000543,2019-05-06,-0.09765625
000543,2019-04-01,-0.04655493
000543,2019-03-01,-0.01286765
000543,2019-02-01,0.06876228
000543,2019-01-02,0.06263048
000547,2019-06-03,-0.03140831
000547,2019-05-06,-0.00202224
000547,2019-04-01,-0.09680365
000547,2019-03-01,0.0243218
000547,2019-02-01,0.10662526
000547,2019-01-02,0.27777778
000552,2019-06-03,-0.02867384
000552,2019-05-06,-0.07920792
000552,2019-04-01,-0.03194888
000552,2019-03-01,0.03642384
000552,2019-02-01,0.17509728
000552,2019-01-02,0.00390625
000559,2019-06-03,0.00504202
000559,2019-05-06,-0.06885759
000559,2019-04-01,-0.05192878
000559,2019-03-01,0.10491803
000559,2019-02-01,0.15311909
000559,2019-01-02,0.03320312
000563,2019-06-03,0.02777778
000563,2019-05-06,-0.04845815
000563,2019-04-01,-0.14339623
000563,2019-03-01,0.09958506
000563,2019-02-01,0.77205882
000563,2019-01-02,0.01492537
000564,2019-06-03,-0.02973978
000564,2019-05-06,-0.21802326
000564,2019-04-01,-0.05494505
000564,2019-03-01,0.06122449
000564,2019-02-01,0.35573123
000564,2019-01-02,0.0
000581,2019-06-03,-0.05595117
000581,2019-05-06,-0.043309
000581,2019-04-01,-0.11000433
000581,2019-03-01,0.10956271
000581,2019-02-01,0.09989429
000581,2019-01-02,0.07134768
000587,2019-06-03,0.21126761
000587,2019-05-06,-0.21402214
000587,2019-04-01,-0.13968254
000587,2019-03-01,0.00638978
000587,2019-02-01,0.33191489
000587,2019-01-02,0.0
000598,2019-06-03,0.01789709
000598,2019-05-06,-0.05095541
000598,2019-04-01,0.01290323
000598,2019-03-01,-0.0106383
000598,2019-02-01,0.10588235
000598,2019-01-02,0.05459057
000600,2019-06-03,0.00903614
000600,2019-05-06,-0.14543115
000600,2019-04-01,-0.03117207
000600,2019-03-01,0.21148036
000600,2019-02-01,0.1220339
000600,2019-01-02,0.1752988
000623,2019-06-03,0.0123533
000623,2019-05-06,-0.1143326
000623,2019-04-01,0.00384404
000623,2019-03-01,0.01335559
000623,2019-02-01,0.21913161
000623,2019-01-02,0.02148302
000636,2019-06-03,-0.02419355
000636,2019-05-06,-0.07806691
000636,2019-04-01,-0.13560411
000636,2019-03-01,0.11701364
000636,2019-02-01,0.3630137
000636,2019-01-02,-0.04841713
000681,2019-06-03,0.06542056
000681,2019-05-06,-0.1720528
000681,2019-04-01,-0.16654021
000681,2019-03-01,-0.00113679
000681,2019-02-01,0.14939024
000681,2019-01-02,-0.01543739
000685,2019-06-03,0.00826446
000685,2019-05-06,-0.01626016
000685,2019-04-01,-0.00577367
000685,2019-03-01,0.02002356
000685,2019-02-01,0.17753121
000685,2019-01-02,0.03
000686,2019-06-03,0.02800467
000686,2019-05-06,-0.12817904
000686,2019-04-01,-0.03438114
000686,2019-03-01,0.17146145
000686,2019-02-01,0.30873494
000686,2019-01-02,0.06070288
000690,2019-06-03,-0.05847953
000690,2019-05-06,-0.06429549
000690,2019-04-01,-0.10635697
000690,2019-03-01,0.11292517
000690,2019-02-01,0.1484375
000690,2019-01-02,-0.04903418
000712,2019-06-03,0.02884615
000712,2019-05-06,-0.09565217
000712,2019-04-01,-0.03563941
000712,2019-03-01,0.1312253
000712,2019-02-01,0.38100437
000712,2019-01-02,0.00881057
000717,2019-06-03,-0.0199115
000717,2019-05-06,-0.12572534
000717,2019-04-01,-0.09457093
000717,2019-03-01,-0.02226027
000717,2019-02-01,0.20164609
000717,2019-01-02,0.06813187
000718,2019-06-03,0.0
000718,2019-05-06,-0.10362694
000718,2019-04-01,-0.04926108
000718,2019-03-01,0.10626703
000718,2019-02-01,0.16878981
000718,2019-01-02,-0.01257862
000723,2019-06-03,-0.16666667
000723,2019-05-06,-0.17336849
000723,2019-04-01,0.64355363
000723,2019-03-01,0.80626223
000723,2019-02-01,0.22836538
000723,2019-01-02,0.29595016
000727,2019-06-03,-0.03240741
000727,2019-05-06,-0.08474576
000727,2019-04-01,-0.12915129
000727,2019-03-01,0.17826087
000727,2019-02-01,0.57534247
000727,2019-01-02,-0.00680272
000729,2019-06-03,-0.03206997
000729,2019-05-06,-0.0704607
000729,2019-04-01,0.15132605
000729,2019-03-01,0.0015625
000729,2019-02-01,0.07563025
000729,2019-01-02,0.05496454
000732,2019-06-03,0.06451613
000732,2019-05-06,-0.14694551
000732,2019-04-01,-0.0406547
000732,2019-03-01,0.23709993
000732,2019-02-01,0.13072378
000732,2019-01-02,-0.0342368
000738,2019-06-03,-0.04490378
000738,2019-05-06,-0.01057828
000738,2019-04-01,-0.08927425
000738,2019-03-01,0.07231405
000738,2019-02-01,0.19407895
000738,2019-01-02,0.00829187
000750,2019-06-03,0.0307377
000750,2019-05-06,-0.08785047
000750,2019-04-01,-0.13149351
000750,2019-03-01,0.09413854
000750,2019-02-01,0.23736264
000750,2019-01-02,0.04357798
000758,2019-06-03,-0.10440457
000758,2019-05-06,0.31827957
000758,2019-04-01,-0.0392562
000758,2019-03-01,0.01894737
000758,2019-02-01,0.30136986
000758,2019-01-02,0.0
000761,2019-06-03,-0.05286344
000761,2019-05-06,0.14646465
000761,2019-04-01,-0.06382979
000761,2019-03-01,0.11315789
000761,2019-02-01,0.14457831
000761,2019-01-02,-0.01190476
000766,2019-06-03,-0.06976744
000766,2019-05-06,-0.18867925
000766,2019-04-01,0.01693002
000766,2019-03-01,0.16425756
000766,2019-02-01,0.28330523
000766,2019-01-02,-0.13556851
000778,2019-06-03,0.00680272
000778,2019-05-06,-0.08316008
000778,2019-04-01,-0.06054688
000778,2019-03-01,0.04065041
000778,2019-02-01,0.14418605
000778,2019-01-02,-0.00232019
000807,2019-06-03,-0.02291667
000807,2019-05-06,-0.08396947
000807,2019-04-01,0.07377049
000807,2019-03-01,0.06318083
000807,2019-02-01,0.30028329
000807,2019-01-02,-0.09020619
000813,2019-06-03,-0.05223881
000813,2019-05-06,-0.20079523
000813,2019-04-01,-0.29254571
000813,2019-03-01,0.68085106
000813,2019-02-01,-0.06312292
000813,2019-01-02,-0.01633987
000826,2019-06-03,0.20306122
000826,2019-05-06,-0.12811388
000826,2019-04-01,-0.27437056
000826,2019-03-01,0.31271186
000826,2019-02-01,0.2826087
000826,2019-01-02,-0.11453321
000829,2019-06-03,0.01041667
000829,2019-05-06,-0.0557377
000829,2019-04-01,-0.07153729
000829,2019-03-01,0.07704918
000829,2019-02-01,0.31465517
000829,2019-01-02,-0.17290553
000830,2019-06-03,-0.07404255
000830,2019-05-06,-0.1754386
000830,2019-04-01,-0.01315789
000830,2019-03-01,0.09393939
000830,2019-02-01,0.12627986
000830,2019-01-02,0.19591837
000848,2019-06-03,-0.01768868
000848,2019-05-06,0.0
000848,2019-04-01,-0.05986696
000848,2019-03-01,0.04277457
000848,2019-02-01,0.11469072
000848,2019-01-02,-0.03482587
000860,2019-06-03,0.13228155
000860,2019-05-06,-0.28965517
000860,2019-04-01,-0.04337787
000860,2019-03-01,0.43536932
000860,2019-02-01,0.05864662
000860,2019-01-02,0.25117592
000869,2019-06-03,0.11373093
000869,2019-05-06,-0.02004757
000869,2019-04-01,-0.07944948
000869,2019-03-01,0.08520027
000869,2019-02-01,0.132206
000869,2019-01-02,0.00076923
000877,2019-06-03,0.11623439
000877,2019-05-06,-0.04495413
000877,2019-04-01,-0.07627119
000877,2019-03-01,0.29812981
000877,2019-02-01,0.14483627
000877,2019-01-02,0.11673699
000878,2019-06-03,0.04935834
000878,2019-05-06,-0.09310654
000878,2019-04-01,0.10594059
000878,2019-03-01,-0.01174168
000878,2019-02-01,0.24786325
000878,2019-01-02,0.03278689
000883,2019-06-03,0.06372549
000883,2019-05-06,0.01745636
000883,2019-04-01,-0.04295943
000883,2019-03-01,0.02444988
000883,2019-02-01,0.10242588
000883,2019-01-02,0.01089918
000887,2019-06-03,0.0
000887,2019-05-06,-0.16244541
000887,2019-04-01,-0.07512116
000887,2019-03-01,0.04296546
000887,2019-02-01,0.26276596
000887,2019-01-02,-0.07114625
000926,2019-06-03,0.00581395
000926,2019-05-06,-0.0802139
000926,2019-04-01,-0.04102564
000926,2019-03-01,0.09090909
000926,2019-02-01,0.144
000926,2019-01-02,0.02124183
000930,2019-06-03,-0.04081633
000930,2019-05-06,-0.06107784
000930,2019-04-01,-0.03579677
000930,2019-03-01,0.05867971
000930,2019-02-01,0.26234568
000930,2019-01-02,-0.12668464
000932,2019-06-03,-0.26952527
000932,2019-05-06,-0.13395225
000932,2019-04-01,-0.00527704
000932,2019-03-01,-0.01940492
000932,2019-02-01,0.11705202
000932,2019-01-02,0.14191419
000937,2019-06-03,-0.00515464
000937,2019-05-06,-0.09345794
000937,2019-04-01,-0.01382488
000937,2019-03-01,0.03579952
000937,2019-02-01,0.13243243
000937,2019-01-02,-0.01856764
000959,2019-06-03,-0.0084507
000959,2019-05-06,-0.10126582
000959,2019-04-01,-0.10022779
000959,2019-03-01,0.02331002
000959,2019-02-01,0.12303665
000959,2019-01-02,0.02412869
000960,2019-06-03,-0.01845343
000960,2019-05-06,-0.04047218
000960,2019-04-01,-0.01821192
000960,2019-03-01,-0.03205128
000960,2019-02-01,0.22473013
000960,2019-01-02,0.06813417
000970,2019-06-03,-0.12355212
000970,2019-05-06,0.26341463
000970,2019-04-01,0.04698672
000970,2019-03-01,0.06761178
000970,2019-02-01,0.23252688
000970,2019-01-02,0.01500682
000975,2019-06-03,0.25978988
000975,2019-05-06,0.02848723
000975,2019-04-01,-0.06519743
000975,2019-03-01,0.01870907
000975,2019-02-01,0.05424063
000975,2019-01-02,-0.00490677
000980,2019-06-03,-0.03661327
000980,2019-05-06,-0.20400729
000980,2019-04-01,0.04571429
000980,2019-03-01,0.00574713
000980,2019-02-01,0.29207921
000980,2019-01-02,-0.0669746
000983,2019-06-03,-0.01623377
000983,2019-05-06,-0.10465116
000983,2019-04-01,0.10433387
000983,2019-03-01,-0.0032
000983,2019-02-01,0.14468864
000983,2019-01-02,-0.00546448
000987,2019-06-03,-0.01635769
000987,2019-05-06,-0.12164751
000987,2019-04-01,-0.04744526
000987,2019-03-01,0.07345739
000987,2019-02-01,0.33464052
000987,2019-01-02,-0.04015056
000988,2019-06-03,0.08281999
000988,2019-05-06,-0.01748487
000988,2019-04-01,-0.0369171
000988,2019-03-01,0.05034014
000988,2019-02-01,0.25426621
000988,2019-01-02,-0.01842546
000990,2019-06-03,-0.12898089
000990,2019-05-06,-0.16600266
000990,2019-04-01,-0.13248848
000990,2019-03-01,1.00461894
000990,2019-02-01,0.17344173
000990,2019-01-02,-0.07826811
000997,2019-06-03,0.00835821
000997,2019-05-06,-0.06633222
000997,2019-04-01,0.01355932
000997,2019-03-01,0.02489867
000997,2019-02-01,0.15133333
000997,2019-01-02,0.02459016
000998,2019-06-03,-0.03466667
000998,2019-05-06,0.10213079
000998,2019-04-01,-0.16297663
000998,2019-03-01,0.03964194
000998,2019-02-01,0.24920128
000998,2019-01-02,-0.15405405
000999,2019-06-03,0.06497278
000999,2019-05-06,-0.06610169
000999,2019-04-01,0.02288488
000999,2019-03-01,0.14717582
000999,2019-02-01,0.13858696
000999,2019-01-02,-0.11182623
002002,2019-06-03,0.11531532
002002,2019-05-06,-0.01245552
002002,2019-04-01,0.03690037
002002,2019-03-01,0.1507431
002002,2019-02-01,0.38938053
002002,2019-01-02,0.17708333
002004,2019-06-03,-0.03762376
002004,2019-05-06,-0.06133829
002004,2019-04-01,-0.08813559
002004,2019-03-01,0.10280374
002004,2019-02-01,0.12869198
002004,2019-01-02,0.02819957
002019,2019-06-03,0.02083333
002019,2019-05-06,-0.19246299
002019,2019-04-01,0.12150943
002019,2019-03-01,0.16534741
002019,2019-02-01,0.27039106
002019,2019-01-02,-0.1635514
002028,2019-06-03,-0.030185
002028,2019-05-06,-0.14559068
002028,2019-04-01,-0.03298471
002028,2019-03-01,0.06421233
002028,2019-02-01,0.17034068
002028,2019-01-02,0.01114488
002030,2019-06-03,-0.00648148
002030,2019-05-06,-0.07455013
002030,2019-04-01,-0.12255639
002030,2019-03-01,0.11952862
002030,2019-02-01,0.32589286
002030,2019-01-02,-0.11811024
002038,2019-06-03,0.02079723
002038,2019-05-06,-0.07864271
002038,2019-04-01,-0.0923913
002038,2019-03-01,0.01620029
002038,2019-02-01,0.12417219
002038,2019-01-02,-0.02619911
002048,2019-06-03,-0.01636364
002048,2019-05-06,-0.13385827
002048,2019-04-01,-0.00392157
002048,2019-03-01,0.01674641
002048,2019-02-01,0.2115942
002048,2019-01-02,-0.00767018
002049,2019-06-03,-0.02216803
002049,2019-05-06,0.08463573
002049,2019-04-01,-0.07639352
002049,2019-03-01,0.19001057
002049,2019-02-01,0.25589114
002049,2019-01-02,0.04256055
002051,2019-06-03,0.01865009
002051,2019-05-06,-0.15018868
002051,2019-04-01,-0.12193506
002051,2019-03-01,0.11777778
002051,2019-02-01,0.20106762
002051,2019-01-02,0.01444043
002056,2019-06-03,-0.04642409
002056,2019-05-06,0.15674891
002056,2019-04-01,-0.01289398
002056,2019-03-01,0.00721501
002056,2019-02-01,0.22438163
002056,2019-01-02,0.02350814
002064,2019-06-03,0.004
002064,2019-05-06,-0.04580153
002064,2019-04-01,-0.02962963
002064,2019-03-01,0.08
002064,2019-02-01,0.11111111
002064,2019-01-02,0.07398568
002074,2019-06-03,0.02823529
002074,2019-05-06,-0.13383152
002074,2019-04-01,-0.16316089
002074,2019-03-01,0.04391691
002074,2019-02-01,0.38341544
002074,2019-01-02,0.05363322
002075,2019-06-03,-0.12402235
002075,2019-05-06,0.02402746
002075,2019-04-01,-0.12512513
002075,2019-03-01,0.03846154
002075,2019-02-01,0.41055718
002075,2019-01-02,-0.15068493
002078,2019-06-03,0.0624025
002078,2019-05-06,-0.1047486
002078,2019-04-01,0.0013986
002078,2019-03-01,-0.01243094
002078,2019-02-01,0.20066335
002078,2019-01-02,0.05789474
002085,2019-06-03,0.00552486
002085,2019-05-06,-0.09612984
002085,2019-04-01,-0.00988875
002085,2019-03-01,0.00872818
002085,2019-02-01,0.11699164
002085,2019-01-02,-0.07354839
002092,2019-06-03,0.00632111
002092,2019-05-06,-0.11123596
002092,2019-04-01,-0.02305159
002092,2019-03-01,0.03405221
002092,2019-02-01,0.22873082
002092,2019-01-02,0.01702128
002093,2019-06-03,0.1511772
002093,2019-05-06,-0.0472255
002093,2019-04-01,-0.12409514
002093,2019-03-01,0.16086435
002093,2019-02-01,0.19683908
002093,2019-01-02,-0.04526749
002110,2019-06-03,0.04377104
002110,2019-05-06,-0.51338067
002110,2019-04-01,0.11036992
002110,2019-03-01,0.01103617
002110,2019-02-01,0.15346535
002110,2019-01-02,0.10555121
002118,2019-06-03,-0.188929
002118,2019-05-06,-0.23410138
002118,2019-04-01,0.05957031
002118,2019-03-01,0.52154532
002118,2019-02-01,0.48893805
002118,2019-01-02,0.03669725
002127,2019-06-03,0.04074074
002127,2019-05-06,-0.09698997
002127,2019-04-01,0.04454148
002127,2019-03-01,0.08018868
002127,2019-02-01,0.14718615
002127,2019-01-02,0.2287234
002128,2019-06-03,0.01051402
002128,2019-05-06,-0.09129512
002128,2019-04-01,0.03402854
002128,2019-03-01,0.07429245
002128,2019-02-01,0.13672922
002128,2019-01-02,0.04189944
002129,2019-06-03,-0.03747535
002129,2019-05-06,-0.0019685
002129,2019-04-01,0.02419355
002129,2019-03-01,0.02479339
002129,2019-02-01,0.1510107
002129,2019-01-02,0.16320885
002131,2019-06-03,-0.06829268
002131,2019-05-06,-0.04651163
002131,2019-04-01,0.0046729
002131,2019-03-01,0.19553073
002131,2019-02-01,0.3875969
002131,2019-01-02,-0.12244898
002152,2019-06-03,0.03630862
002152,2019-05-06,-0.05028736
002152,2019-04-01,-0.04657534
002152,2019-03-01,0.10606061
002152,2019-02-01,0.25475285
002152,2019-01-02,-0.06238859
002155,2019-06-03,0.22655298
002155,2019-05-06,0.04987212
002155,2019-04-01,-0.08108108
002155,2019-03-01,0.01551313
002155,2019-02-01,0.10263158
002155,2019-01-02,-0.03184713
002157,2019-06-03,-0.18968872
002157,2019-05-06,-0.07926556
002157,2019-04-01,0.37077962
002157,2019-03-01,0.42894737
002157,2019-02-01,0.76744186
002157,2019-01-02,0.21468927
002174,2019-06-03,-0.05328099
002174,2019-05-06,-0.11337643
002174,2019-04-01,-0.15504202
002174,2019-03-01,0.16838488
002174,2019-02-01,0.1210787
002174,2019-01-02,-0.02259279
002176,2019-06-03,-0.05620155
002176,2019-05-06,-0.11340206
002176,2019-04-01,-0.04118616
002176,2019-03-01,0.05381944
002176,2019-02-01,0.152
002176,2019-01-02,-0.14821124
002183,2019-06-03,-0.00209205
002183,2019-05-06,-0.13873874
002183,2019-04-01,-0.02631579
002183,2019-03-01,0.019678
002183,2019-02-01,0.31839623
002183,2019-01-02,-0.15369261
002191,2019-06-03,0.06432247
002191,2019-05-06,-0.13049963
002191,2019-04-01,-0.05496829
002191,2019-03-01,0.47505198
002191,2019-02-01,0.11600928
002191,2019-01-02,0.10371319
002195,2019-06-03,-0.23425197
002195,2019-05-06,-0.09123435
002195,2019-04-01,-0.07755776
002195,2019-03-01,0.23673469
002195,2019-02-01,0.3960114
002195,2019-01-02,-0.04878049
002212,2019-06-03,-0.05841924
002212,2019-05-06,-0.04023747
002212,2019-04-01,-0.11962834
002212,2019-03-01,0.12918033
002212,2019-02-01,0.18125484
002212,2019-01-02,0.16097122
002217,2019-06-03,0.02218115
002217,2019-05-06,-0.09682805
002217,2019-04-01,-0.14672365
002217,2019-03-01,-0.04098361
002217,2019-02-01,0.2302521
002217,2019-01-02,0.27136752
002221,2019-06-03,-0.00692042
002221,2019-05-06,-0.17112811
002221,2019-04-01,0.05870445
002221,2019-03-01,0.12656784
002221,2019-02-01,0.10037641
002221,2019-01-02,-0.01116625
002223,2019-06-03,0.07417103
002223,2019-05-06,-0.0230179
002223,2019-04-01,-0.07052298
002223,2019-03-01,0.06723044
002223,2019-02-01,0.10514019
002223,2019-01-02,0.09127996
002233,2019-06-03,0.04565801
002233,2019-05-06,-0.03290043
002233,2019-04-01,-0.06704362
002233,2019-03-01,0.04826418
002233,2019-02-01,0.10892019
002233,2019-01-02,0.05864811
002242,2019-06-03,0.02968827
002242,2019-05-06,-0.07548033
002242,2019-04-01,-0.05244907
002242,2019-03-01,0.28882682
002242,2019-02-01,0.06042654
002242,2019-01-02,0.05434104
002244,2019-06-03,0.01466993
002244,2019-05-06,-0.11279826
002244,2019-04-01,-0.02536998
002244,2019-03-01,0.04415011
002244,2019-02-01,0.22764228
002244,2019-01-02,-0.07286432
002249,2019-06-03,-0.01809955
002249,2019-05-06,-0.21352313
002249,2019-04-01,0.02367942
002249,2019-03-01,0.22544643
002249,2019-02-01,0.37423313
002249,2019-01-02,-0.01212121
002250,2019-06-03,0.0872549
002250,2019-05-06,-0.07692308
002250,2019-04-01,0.06660232
002250,2019-03-01,-0.00956023
002250,2019-02-01,0.11513859
002250,2019-01-02,-0.00530223
002251,2019-06-03,-0.00250313
002251,2019-05-06,-0.08997722
002251,2019-04-01,-0.08636837
002251,2019-03-01,0.06423034
002251,2019-02-01,0.10797546
002251,2019-01-02,0.09838275
002254,2019-06-03,-0.00094429
002254,2019-05-06,-0.06942004
002254,2019-04-01,-0.00524476
002254,2019-03-01,0.00087489
002254,2019-02-01,0.08960915
002254,2019-01-02,-0.03228782
002266,2019-06-03,0.0106383
002266,2019-05-06,-0.09788868
002266,2019-04-01,0.02559055
002266,2019-03-01,0.16781609
002266,2019-02-01,0.07673267
002266,2019-01-02,-0.00737101
002268,2019-06-03,0.00617284
002268,2019-05-06,-0.13676732
002268,2019-04-01,-0.06010017
002268,2019-03-01,0.19180263
002268,2019-02-01,0.16720855
002268,2019-01-02,0.20548712
002273,2019-06-03,0.04418395
002273,2019-05-06,-0.17485119
002273,2019-04-01,-0.06013986
002273,2019-03-01,0.15602264
002273,2019-02-01,0.34896401
002273,2019-01-02,-0.04079498
002280,2019-06-03,-0.0962963
002280,2019-05-06,-0.04255319
002280,2019-04-01,-0.1242236
002280,2019-03-01,0.08783784
002280,2019-02-01,0.29446064
002280,2019-01-02,-0.11369509
002281,2019-06-03,0.0030303
002281,2019-05-06,-0.06150018
002281,2019-04-01,-0.10868188
002281,2019-03-01,-0.01896177
002281,2019-02-01,0.23730769
002281,2019-01-02,-0.03201787
002285,2019-06-03,-0.03218884
002285,2019-05-06,-0.11909263
002285,2019-04-01,-0.12417219
002285,2019-03-01,0.03424658
002285,2019-02-01,0.22175732
002285,2019-01-02,-0.05905512
002299,2019-06-03,-0.09051724
002299,2019-05-06,0.05175671
002299,2019-04-01,0.06347931
002299,2019-03-01,-0.05469047
002299,2019-02-01,0.28126521
002299,2019-01-02,0.24244256
002302,2019-06-03,0.00089847
002302,2019-05-06,-0.10817308
002302,2019-04-01,-0.1469583
002302,2019-03-01,0.30741734
002302,2019-02-01,0.27159091
002302,2019-01-02,-0.00452489
002317,2019-06-03,0.01794258
002317,2019-05-06,-0.15725806
002317,2019-04-01,-0.01879327
002317,2019-03-01,0.07324841
002317,2019-02-01,0.21548387
002317,2019-01-02,-0.07185629
002332,2019-06-03,-0.01601164
002332,2019-05-06,-0.09366755
002332,2019-04-01,-0.11032864
002332,2019-03-01,0.19662921
002332,2019-02-01,0.1986532
002332,2019-01-02,-0.03099511
002340,2019-06-03,0.04899777
002340,2019-05-06,-0.07231405
002340,2019-04-01,-0.03968254
002340,2019-03-01,0.06779661
002340,2019-02-01,0.23884514
002340,2019-01-02,-0.0078125
002344,2019-06-03,0.00431034
002344,2019-05-06,-0.09375
002344,2019-04-01,-0.07913669
002344,2019-03-01,0.08171206
002344,2019-02-01,0.20093458
002344,2019-01-02,-0.05934066
002353,2019-06-03,0.04477612
002353,2019-05-06,-0.02813187
002353,2019-04-01,-0.04371585
002353,2019-03-01,0.18771842
002353,2019-02-01,0.17340363
002353,2019-01-02,0.138
002358,2019-06-03,-0.04694836
002358,2019-05-06,-0.15810277
002358,2019-04-01,-0.13474692
002358,2019-03-01,-0.1019656
002358,2019-02-01,-0.06971429
002358,2019-01-02,-0.01685393
002366,2019-06-03,-0.0805501
002366,2019-05-06,-0.18364074
002366,2019-04-01,-0.04663609
002366,2019-03-01,-0.08210526
002366,2019-02-01,0.18257261
002366,2019-01-02,0.28464819
002368,2019-06-03,-0.06075635
002368,2019-05-06,-0.02714113
002368,2019-04-01,-0.11313185
002368,2019-03-01,0.34496403
002368,2019-02-01,0.23720516
002368,2019-01-02,-0.03146552
002371,2019-06-03,0.03760863
002371,2019-05-06,0.09391903
002371,2019-04-01,-0.13448716
002371,2019-03-01,0.36661497
002371,2019-02-01,0.12965396
002371,2019-01-02,0.2092161
002372,2019-06-03,-0.12781955
002372,2019-05-06,0.00251256
002372,2019-04-01,-0.01289683
002372,2019-03-01,0.18588235
002372,2019-02-01,-0.0162037
002372,2019-01-02,0.11411992
002373,2019-06-03,-0.05577029
002373,2019-05-06,-0.03772582
002373,2019-04-01,-0.00581088
002373,2019-03-01,0.26368491
002373,2019-02-01,0.1898332
002373,2019-01-02,0.13219424
002375,2019-06-03,0.08043876
002375,2019-05-06,-0.09136213
002375,2019-04-01,-0.0988024
002375,2019-03-01,0.08090615
002375,2019-02-01,0.14869888
002375,2019-01-02,0.06746032
002382,2019-06-03,0.05496183
002382,2019-05-06,-0.17454316
002382,2019-04-01,0.04890945
002382,2019-03-01,-0.06199628
002382,2019-02-01,0.17565598
002382,2019-01-02,-0.07671602
002384,2019-06-03,0.09713855
002384,2019-05-06,-0.25727069
002384,2019-04-01,-0.05845182
002384,2019-03-01,0.18539326
002384,2019-02-01,0.52716873
002384,2019-01-02,-0.07085917
002385,2019-06-03,-0.14951768
002385,2019-05-06,-0.18479685
002385,2019-04-01,0.4315197
002385,2019-03-01,0.3562341
002385,2019-02-01,0.25159236
002385,2019-01-02,-0.01875
002387,2019-06-03,0.0785124
002387,2019-05-06,0.01680672
002387,2019-04-01,-0.09574468
002387,2019-03-01,-0.0030303
002387,2019-02-01,0.47486034
002387,2019-01-02,0.17454068
002390,2019-06-03,-0.03125
002390,2019-05-06,-0.08724832
002390,2019-04-01,0.00846024
002390,2019-03-01,0.2185567
002390,2019-02-01,0.38571429
002390,2019-01-02,-0.14425428
002399,2019-06-03,0.02440215
002399,2019-05-06,-0.13434728
002399,2019-04-01,-0.08645311
002399,2019-03-01,0.11392949
002399,2019-02-01,0.15205547
002399,2019-01-02,-0.12407809
002405,2019-06-03,-0.25772245
002405,2019-05-06,-0.07662835
002405,2019-04-01,0.03571429
002405,2019-03-01,-0.02325581
002405,2019-02-01,0.4013277
002405,2019-01-02,0.17434444
002407,2019-06-03,-0.01251043
002407,2019-05-06,-0.12225476
002407,2019-04-01,-0.10484928
002407,2019-03-01,0.02210315
002407,2019-02-01,0.3609845
002407,2019-01-02,0.00091241
002408,2019-06-03,-0.05602923
002408,2019-05-06,-0.0806271
002408,2019-04-01,0.07202881
002408,2019-03-01,0.05443038
002408,2019-02-01,0.27214171
002408,2019-01-02,-0.09210526
002414,2019-06-03,0.05205479
002414,2019-05-06,-0.25963489
002414,2019-04-01,-0.08737505
002414,2019-03-01,0.02504744
002414,2019-02-01,0.2553597
002414,2019-01-02,-0.02598608
002416,2019-06-03,0.19731801
002416,2019-05-06,-0.11073254
002416,2019-04-01,-0.06379585
002416,2019-03-01,0.06451613
002416,2019-02-01,0.20204082
002416,2019-01-02,-0.16666667
002419,2019-06-03,0.03404592
002419,2019-05-06,-0.11492642
002419,2019-04-01,-0.02260274
002419,2019-03-01,0.18027486
002419,2019-02-01,0.08223972
002419,2019-01-02,0.04193254
002424,2019-06-03,-0.08263695
002424,2019-05-06,-0.04181495
002424,2019-04-01,0.06137866
002424,2019-03-01,0.04747774
002424,2019-02-01,0.2374541
002424,2019-01-02,-0.06628571
002426,2019-06-03,-0.08571429
002426,2019-05-06,-0.07590759
002426,2019-04-01,-0.13180516
002426,2019-03-01,0.0
002426,2019-02-01,0.50431034
002426,2019-01-02,0.0
002431,2019-06-03,-0.03186275
002431,2019-05-06,-0.04895105
002431,2019-04-01,-0.08723404
002431,2019-03-01,0.02844639
002431,2019-02-01,0.19947507
002431,2019-01-02,0.06722689
002434,2019-06-03,0.00443787
002434,2019-05-06,-0.08401084
002434,2019-04-01,-0.04155844
002434,2019-03-01,0.14583333
002434,2019-02-01,0.17073171
002434,2019-01-02,-0.12898331
002437,2019-06-03,-0.09195402
002437,2019-05-06,-0.05021834
002437,2019-04-01,-0.11923077
002437,2019-03-01,0.44044321
002437,2019-02-01,0.38314176
002437,2019-01-02,-0.06785714
002439,2019-06-03,0.10608553
002439,2019-05-06,-0.07422916
002439,2019-04-01,-0.10888738
002439,2019-03-01,0.14263566
002439,2019-02-01,0.17272727
002439,2019-01-02,0.07003891
002440,2019-06-03,-0.04227517
002440,2019-05-06,-0.14856021
002440,2019-04-01,0.07378777
002440,2019-03-01,0.29481347
002440,2019-02-01,0.16790648
002440,2019-01-02,0.04555556
002444,2019-06-03,0.05496829
002444,2019-05-06,-0.18518519
002444,2019-04-01,-0.04836066
002444,2019-03-01,0.11313869
002444,2019-02-01,0.25832377
002444,2019-01-02,-0.08122363
002463,2019-06-03,0.48043478
002463,2019-05-06,-0.19227392
002463,2019-04-01,-0.01214224
002463,2019-03-01,0.06169429
002463,2019-02-01,0.33743842
002463,2019-01-02,0.13249651
002465,2019-06-03,-0.00728408
002465,2019-05-06,0.03556034
002465,2019-04-01,-0.05112474
002465,2019-03-01,0.0
002465,2019-02-01,0.28010471
002465,2019-01-02,-0.02051282
002470,2019-06-03,-0.11435523
002470,2019-05-06,-0.29137931
002470,2019-04-01,-0.21832884
002470,2019-03-01,-0.04134367
002470,2019-02-01,0.14159292
002470,2019-01-02,0.07278481
002482,2019-06-03,-0.0707457
002482,2019-05-06,-0.08726003
002482,2019-04-01,-0.09335443
002482,2019-03-01,0.09722222
002482,2019-02-01,0.14285714
002482,2019-01-02,-0.12953368
002489,2019-06-03,-0.04843305
002489,2019-05-06,-0.13546798
002489,2019-04-01,0.0278481
002489,2019-03-01,0.25396825
002489,2019-02-01,0.20689655
002489,2019-01-02,-0.01136364
002491,2019-06-03,0.00621891
002491,2019-05-06,-0.08323831
002491,2019-04-01,-0.18946396
002491,2019-03-01,0.09182644
002491,2019-02-01,0.28036176
002491,2019-01-02,-0.0177665
002500,2019-06-03,0.0125
002500,2019-05-06,-0.07940161
002500,2019-04-01,-0.09384776
002500,2019-03-01,0.1752451
002500,2019-02-01,0.35323383
002500,2019-01-02,0.01858108
002503,2019-06-03,-0.18639053
002503,2019-05-06,0.17361111
002503,2019-04-01,-0.18413598
002503,2019-03-01,0.24295775
002503,2019-02-01,0.36538462
002503,2019-01-02,-0.11489362
002505,2019-06-03,-0.0921659
002505,2019-05-06,-0.01809955
002505,2019-04-01,0.01843318
002505,2019-03-01,0.09045226
002505,2019-02-01,0.3630137
002505,2019-01-02,-0.09876543
002506,2019-06-03,0.02927581
002506,2019-05-06,0.00464396
002506,2019-04-01,0.2165725
002506,2019-03-01,0.01919386
002506,2019-02-01,0.05679513
002506,2019-01-02,-0.014
002507,2019-06-03,0.06308818
002507,2019-05-06,0.0
002507,2019-04-01,-0.07511283
002507,2019-03-01,0.17544524
002507,2019-02-01,0.1473913
002507,2019-01-02,0.06481481
002509,2019-06-03,-0.05504587
002509,2019-05-06,-0.1314741
002509,2019-04-01,-0.11619718
002509,2019-03-01,-0.00699301
002509,2019-02-01,0.32407407
002509,2019-01-02,-0.08860759
002512,2019-06-03,-0.09780439
002512,2019-05-06,-0.03838772
002512,2019-04-01,-0.09705373
002512,2019-03-01,0.086629
002512,2019-02-01,0.53468208
002512,2019-01-02,-0.34839925
002517,2019-06-03,0.0
002517,2019-05-06,-0.15831135
002517,2019-04-01,-0.21694215
002517,2019-03-01,0.12037037
002517,2019-02-01,0.4025974
002517,2019-01-02,-0.16981132
002544,2019-06-03,0.0483871
002544,2019-05-06,-0.12119064
002544,2019-04-01,-0.08850129
002544,2019-03-01,0.19076923
002544,2019-02-01,0.29353234
002544,2019-01-02,-0.07116451
002572,2019-06-03,-0.02674358
002572,2019-05-06,-0.14330638
002572,2019-04-01,-0.13216374
002572,2019-03-01,0.38200431
002572,2019-02-01,0.22995361
002572,2019-01-02,-0.09910448
002573,2019-06-03,0.05781866
002573,2019-05-06,-0.09512485
002573,2019-04-01,-0.10053476
002573,2019-03-01,0.06370876
002573,2019-02-01,0.42463533
002573,2019-01-02,-0.14542936
002583,2019-06-03,-0.02555168
002583,2019-05-06,-0.15917969
002583,2019-04-01,-0.06569343
002583,2019-03-01,-0.03775241
002583,2019-02-01,0.3992629
002583,2019-01-02,0.03168568
002589,2019-06-03,0.06751055
002589,2019-05-06,-0.07782101
002589,2019-04-01,-0.1480663
002589,2019-03-01,0.20989305
002589,2019-02-01,0.1835443
002589,2019-01-02,-0.09325681
002603,2019-06-03,-0.00515464
002603,2019-05-06,-0.0688
002603,2019-04-01,-0.04067536
002603,2019-03-01,0.04742765
002603,2019-02-01,0.15398887
002603,2019-01-02,0.03059273
002607,2019-06-03,0.13190437
002607,2019-05-06,-0.01542208
002607,2019-04-01,-0.04347826
002607,2019-03-01,0.0557377
002607,2019-02-01,0.49509804
002607,2019-01-02,0.13333333
002635,2019-06-03,0.03134557
002635,2019-05-06,-0.13377483
002635,2019-04-01,0.00398936
002635,2019-03-01,0.04517026
002635,2019-02-01,0.40940255
002635,2019-01-02,-0.0988526
002640,2019-06-03,-0.01420118
002640,2019-05-06,-0.2380523
002640,2019-04-01,-0.03059441
002640,2019-03-01,-0.03050847
002640,2019-02-01,0.08856089
002640,2019-01-02,0.0037037
002665,2019-06-03,-0.17317073
002665,2019-05-06,-0.2393321
002665,2019-04-01,0.35427136
002665,2019-03-01,0.26349206
002665,2019-02-01,0.36956522
002665,2019-01-02,-0.18149466
002670,2019-06-03,0.14963504
002670,2019-05-06,-0.03605981
002670,2019-04-01,-0.24048096
002670,2019-03-01,0.35230352
002670,2019-02-01,0.27241379
002670,2019-01-02,-0.13690476
002672,2019-06-03,0.03184713
002672,2019-05-06,-0.09398186
002672,2019-04-01,-0.02648475
002672,2019-03-01,0.0340249
002672,2019-02-01,0.23463115
002672,2019-01-02,-0.14685315
002681,2019-06-03,-0.09787234
002681,2019-05-06,-0.07480315
002681,2019-04-01,-0.02307692
002681,2019-03-01,0.11827957
002681,2019-02-01,0.34393064
002681,2019-01-02,-0.05464481
002690,2019-06-03,0.12258953
002690,2019-05-06,0.04160689
002690,2019-04-01,0.00359971
002690,2019-03-01,0.17811705
002690,2019-02-01,0.03466433
002690,2019-01-02,0.07095865
002699,2019-06-03,-0.09502262
002699,2019-05-06,-0.09795918
002699,2019-04-01,-0.234375
002699,2019-03-01,0.56351792
002699,2019-02-01,0.39545455
002699,2019-01-02,-0.19708029
002701,2019-06-03,0.02188184
002701,2019-05-06,-0.1278626
002701,2019-04-01,-0.12520868
002701,2019-03-01,0.14531549
002701,2019-02-01,0.06300813
002701,2019-01-02,-0.02766798
002707,2019-06-03,0.02360877
002707,2019-05-06,-0.09603659
002707,2019-04-01,-0.17380353
002707,2019-03-01,0.11673699
002707,2019-02-01,0.35428571
002707,2019-01-02,-0.1693038
002709,2019-06-03,0.02023609
002709,2019-05-06,-0.16183746
002709,2019-04-01,-0.09149278
002709,2019-03-01,-0.05634656
002709,2019-02-01,0.2996063
002709,2019-01-02,0.17266851
002745,2019-06-03,-0.00085251
002745,2019-05-06,-0.11136364
002745,2019-04-01,-0.1500322
002745,2019-03-01,0.07251381
002745,2019-02-01,0.26906223
002745,2019-01-02,0.01062888
002797,2019-06-03,0.0192926
002797,2019-05-06,-0.11647727
002797,2019-04-01,-0.1043257
002797,2019-03-01,0.08413793
002797,2019-02-01,0.30866426
002797,2019-01-02,0.02214022
002807,2019-06-03,0.00645161
002807,2019-05-06,-0.08464567
002807,2019-04-01,-0.19873817
002807,2019-03-01,-0.00470958
002807,2019-02-01,0.22264875
002807,2019-01-02,0.02559055
002812,2019-06-03,-0.13457979
002812,2019-05-06,0.00334324
002812,2019-04-01,-0.11447368
002812,2019-03-01,0.08571429
002812,2019-02-01,0.20741699
002812,2019-01-02,-0.06132362
002815,2019-06-03,0.04560698
002815,2019-05-06,-0.06637445
002815,2019-04-01,-0.05781711
002815,2019-03-01,0.02851942
002815,2019-02-01,0.25801527
002815,2019-01-02,-0.10335387
002818,2019-06-03,0.02231076
002818,2019-05-06,-0.13208852
002818,2019-04-01,-0.04493526
002818,2019-03-01,0.11792252
002818,2019-02-01,0.07950368
002818,2019-01-02,0.04665705
002821,2019-06-03,0.12865362
002821,2019-05-06,-0.04725359
002821,2019-04-01,-0.00901782
002821,2019-03-01,0.09181495
002821,2019-02-01,0.18732394
002821,2019-01-02,0.04642594
002831,2019-06-03,0.02403846
002831,2019-05-06,-0.63657542
002831,2019-04-01,-0.09440928
002831,2019-03-01,0.125
002831,2019-02-01,0.18964706
002831,2019-01-02,0.06090864
002839,2019-06-03,-0.00705467
002839,2019-05-06,-0.12634823
002839,2019-04-01,-0.05805515
002839,2019-03-01,-0.0377095
002839,2019-02-01,0.26725664
002839,2019-01-02,0.05607477
002916,2019-06-03,0.3046595
002916,2019-05-06,-0.33712346
002916,2019-04-01,-0.05272888
002916,2019-03-01,0.07435233
002916,2019-02-01,0.23493655
002916,2019-01-02,0.16963952
002920,2019-06-03,0.01174345
002920,2019-05-06,-0.12142857
002920,2019-04-01,-0.12772586
002920,2019-03-01,0.12063615
002920,2019-02-01,0.25145631
002920,2019-01-02,0.18731988
002926,2019-06-03,0.09261186
002926,2019-05-06,-0.0865019
002926,2019-04-01,-0.14679643
002926,2019-03-01,0.14166667
002926,2019-02-01,0.26760563
002926,2019-01-02,0.01792115
002936,2019-06-03,-0.01359223
002936,2019-05-06,-0.05330882
002936,2019-04-01,-0.09484193
002936,2019-03-01,0.02910959
002936,2019-02-01,0.23206751
002936,2019-01-02,-0.06508876
002941,2019-06-03,-0.02255639
002941,2019-05-06,-0.02241823
002941,2019-04-01,-0.24036851
002941,2019-03-01,0.10487353
002941,2019-02-01,0.29576339
002941,2019-01-02,0.16102088
002946,2019-06-03,-0.04358812
002946,2019-05-06,0.05957162
002946,2019-04-01,-0.16302521
002946,2019-03-01,-0.07942238
002946,2019-02-01,0.68608696
002946,2019-01-02,1.11009174
002948,2019-06-03,-0.00618238
002948,2019-05-06,-0.02998501
002948,2019-04-01,-0.12696335
002948,2019-03-01,-0.00261097
002948,2019-02-01,0.30272109
002948,2019-01-02,0.30088496
300001,2019-06-03,0.01235955
300001,2019-05-06,-0.09276249
300001,2019-04-01,-0.1229325
300001,2019-03-01,-0.00973882
300001,2019-02-01,0.29827586
300001,2019-01-02,-0.00741586
300002,2019-06-03,-0.01728395
300002,2019-05-06,-0.09192825
300002,2019-04-01,-0.16791045
300002,2019-03-01,0.23787529
300002,2019-02-01,0.42434211
300002,2019-01-02,-0.07878788
300009,2019-06-03,0.04193971
300009,2019-05-06,-0.00065488
300009,2019-04-01,-0.06433824
300009,2019-03-01,0.07016393
300009,2019-02-01,0.22
300009,2019-01-02,-0.06437126
300010,2019-06-03,0.21005155
300010,2019-05-06,-0.22088353
300010,2019-04-01,-0.01968504
300010,2019-03-01,0.09837838
300010,2019-02-01,0.2973352
300010,2019-01-02,-0.01790634
300026,2019-06-03,0.01173021
300026,2019-05-06,0.00294118
300026,2019-04-01,-0.06077348
300026,2019-03-01,0.05847953
300026,2019-02-01,0.15932203
300026,2019-01-02,-0.03278689
300027,2019-06-03,-0.06118547
300027,2019-05-06,-0.01506591
300027,2019-04-01,-0.02568807
300027,2019-03-01,-0.0018315
300027,2019-02-01,0.26976744
300027,2019-01-02,-0.08315565
300055,2019-06-03,0.03483309
300055,2019-05-06,-0.10635538
300055,2019-04-01,-0.10556845
300055,2019-03-01,0.01891253
300055,2019-02-01,0.27987897
300055,2019-01-02,-0.13820078
300058,2019-06-03,0.0215311
300058,2019-05-06,-0.13636364
300058,2019-04-01,-0.11678832
300058,2019-03-01,0.1322314
300058,2019-02-01,0.27368421
300058,2019-01-02,-0.12442396
300088,2019-06-03,0.02222222
300088,2019-05-06,-0.13157895
300088,2019-04-01,-0.04362416
300088,2019-03-01,0.04745167
300088,2019-02-01,0.29908676
300088,2019-01-02,0.05542169
300113,2019-06-03,0.07618394
300113,2019-05-06,-0.23717277
300113,2019-04-01,0.1202346
300113,2019-03-01,0.18732591
300113,2019-02-01,0.17704918
300113,2019-01-02,-0.04012589
300115,2019-06-03,0.00865385
300115,2019-05-06,-0.15993538
300115,2019-04-01,-0.01746032
300115,2019-03-01,0.07234043
300115,2019-02-01,0.5542328
300115,2019-01-02,-0.07692308
300133,2019-06-03,0.05485893
300133,2019-05-06,-0.10518934
300133,2019-04-01,-0.10875
300133,2019-03-01,-0.01599016
300133,2019-02-01,0.25462963
300133,2019-01-02,-0.27678571
300134,2019-06-03,0.16942771
300134,2019-05-06,-0.124588
300134,2019-04-01,0.00530152
300134,2019-03-01,0.06192822
300134,2019-02-01,0.54793028
300134,2019-01-02,-0.02340426
300159,2019-06-03,-0.00200401
300159,2019-05-06,-0.09927798
300159,2019-04-01,-0.17189836
300159,2019-03-01,0.14163823
300159,2019-02-01,0.28227571
300159,2019-01-02,-0.00867679
300166,2019-06-03,-0.00887097
300166,2019-05-06,-0.13769124
300166,2019-04-01,-0.05332456
300166,2019-03-01,0.06075419
300166,2019-02-01,0.20945946
300166,2019-01-02,0.14285714
300168,2019-06-03,-0.01143293
300168,2019-05-06,-0.12240803
300168,2019-04-01,-0.02095612
300168,2019-03-01,0.13785395
300168,2019-02-01,0.31439765
300168,2019-01-02,-0.14845705
300182,2019-06-03,-0.02217295
300182,2019-05-06,-0.1376673
300182,2019-04-01,-0.22056632
300182,2019-03-01,0.38065844
300182,2019-02-01,0.22110553
300182,2019-01-02,-0.07226107
300197,2019-06-03,0.05278592
300197,2019-05-06,-0.16421569
300197,2019-04-01,-0.1032967
300197,2019-03-01,0.06807512
300197,2019-02-01,0.37864078
300197,2019-01-02,-0.18469657
300199,2019-06-03,-0.083
300199,2019-05-06,-0.07235622
300199,2019-04-01,0.00559701
300199,2019-03-01,0.09499489
300199,2019-02-01,0.20418204
300199,2019-01-02,-0.12955032
300207,2019-06-03,0.03318386
300207,2019-05-06,-0.17100372
300207,2019-04-01,0.12930311
300207,2019-03-01,0.05772647
300207,2019-02-01,0.16442606
300207,2019-01-02,0.12572759
300244,2019-06-03,0.01252236
300244,2019-05-06,-0.16233766
300244,2019-04-01,-0.07228916
300244,2019-03-01,0.17923497
300244,2019-02-01,0.27526132
300244,2019-01-02,-0.05405405
300253,2019-06-03,0.16229508
300253,2019-05-06,-0.1260745
300253,2019-04-01,-0.04383562
300253,2019-03-01,0.13266098
300253,2019-02-01,0.26995074
300253,2019-01-02,-0.18539326
300257,2019-06-03,0.06846673
300257,2019-05-06,-0.16100324
300257,2019-04-01,-0.12402551
300257,2019-03-01,0.10406886
300257,2019-02-01,0.21367521
300257,2019-01-02,0.05405405
300266,2019-06-03,-0.00656455
300266,2019-05-06,-0.19400353
300266,2019-04-01,0.30045872
300266,2019-03-01,0.09273183
300266,2019-02-01,0.34343434
300266,2019-01-02,-0.15864023
300274,2019-06-03,-0.06965174
300274,2019-05-06,-0.15546218
300274,2019-04-01,0.08280255
300274,2019-03-01,-0.03257042
300274,2019-02-01,0.0280543
300274,2019-01-02,0.23878924
300287,2019-06-03,-0.13129103
300287,2019-05-06,-0.06352459
300287,2019-04-01,-0.0740038
300287,2019-03-01,0.2087156
300287,2019-02-01,0.25648415
300287,2019-01-02,-0.08201058
300297,2019-06-03,-0.0211039
300297,2019-05-06,-0.11747851
300297,2019-04-01,-0.04774898
300297,2019-03-01,0.10725076
300297,2019-02-01,0.34552846
300297,2019-01-02,-0.016
300308,2019-06-03,-0.19225285
300308,2019-05-06,-0.19740607
300308,2019-04-01,-0.05531532
300308,2019-03-01,0.01834862
300308,2019-02-01,0.42334813
300308,2019-01-02,-0.05898255
300315,2019-06-03,0.02071006
300315,2019-05-06,-0.18357488
300315,2019-04-01,0.02729529
300315,2019-03-01,0.05221932
300315,2019-02-01,0.26821192
300315,2019-01-02,-0.14447592
300316,2019-06-03,0.01035032
300316,2019-05-06,-0.01875
300316,2019-04-01,-0.10739191
300316,2019-03-01,0.0685544
300316,2019-02-01,0.29787234
300316,2019-01-02,0.03193613
300324,2019-06-03,0.00695652
300324,2019-05-06,-0.16666667
300324,2019-04-01,-0.15647922
300324,2019-03-01,0.21545319
300324,2019-02-01,0.28927203
300324,2019-01-02,-0.06951872
300376,2019-06-03,-0.00604839
300376,2019-05-06,-0.16498316
300376,2019-04-01,0.06071429
300376,2019-03-01,0.04868914
300376,2019-02-01,0.25058548
300376,2019-01-02,0.01425178
300383,2019-06-03,0.08825438
300383,2019-05-06,-0.11181556
300383,2019-04-01,-0.07466667
300383,2019-03-01,0.08506944
300383,2019-02-01,0.168357
300383,2019-01-02,0.16732439
300418,2019-06-03,-0.02129278
300418,2019-05-06,-0.17243549
300418,2019-04-01,0.06715917
300418,2019-03-01,-0.02616089
300418,2019-02-01,0.19921569
300418,2019-01-02,-0.00855365
300450,2019-06-03,0.17564731
300450,2019-05-06,-0.10323188
300450,2019-04-01,-0.14304921
300450,2019-03-01,0.1397487
300450,2019-02-01,0.08766667
300450,2019-01-02,0.03662751
300459,2019-06-03,-0.03722504
300459,2019-05-06,-0.35409836
300459,2019-04-01,0.10774818
300459,2019-03-01,0.01474201
300459,2019-02-01,0.16285714
300459,2019-01-02,-0.04761905
600006,2019-06-03,0.066
600006,2019-05-06,-0.12280702
600006,2019-04-01,0.23110151
600006,2019-03-01,0.06192661
600006,2019-02-01,0.20110193
600006,2019-01-02,0.00833333
600008,2019-06-03,0.02923977
600008,2019-05-06,-0.12531969
600008,2019-04-01,-0.06235012
600008,2019-03-01,0.0425
600008,2019-02-01,0.20481928
600008,2019-01-02,-0.03206997
600017,2019-06-03,0.02605863
600017,2019-05-06,-0.10495627
600017,2019-04-01,-0.05509642
600017,2019-03-01,0.10670732
600017,2019-02-01,0.17142857
600017,2019-01-02,0.01449275
600021,2019-06-03,0.04578313
600021,2019-05-06,-0.03600465
600021,2019-04-01,-0.04651163
600021,2019-03-01,0.00333333
600021,2019-02-01,0.07655502
600021,2019-01-02,0.03209877
600022,2019-06-03,-0.00595238
600022,2019-05-06,-0.05617978
600022,2019-04-01,-0.07291667
600022,2019-03-01,0.01052632
600022,2019-02-01,0.17283951
600022,2019-01-02,0.03184713
600026,2019-06-03,0.04340836
600026,2019-05-06,-0.09724238
600026,2019-04-01,0.06491499
600026,2019-03-01,0.09661017
600026,2019-02-01,0.18
600026,2019-01-02,0.12612613
600037,2019-06-03,-0.00291829
600037,2019-05-06,-0.05514706
600037,2019-04-01,-0.08108108
600037,2019-03-01,0.10757717
600037,2019-02-01,0.22171429
600037,2019-01-02,0.01862631
600039,2019-06-03,0.01960784
600039,2019-05-06,-0.05804749
600039,2019-04-01,-0.01558442
600039,2019-03-01,0.03773585
600039,2019-02-01,0.13455657
600039,2019-01-02,-0.00304878
600053,2019-06-03,-0.1003861
600053,2019-05-06,0.02574257
600053,2019-04-01,-0.06203566
600053,2019-03-01,0.01546586
600053,2019-02-01,0.34363913
600053,2019-01-02,-0.16185217
600056,2019-06-03,-0.01747997
600056,2019-05-06,-0.08160535
600056,2019-04-01,-0.02858999
600056,2019-03-01,0.01050558
600056,2019-02-01,0.24225122
600056,2019-01-02,-0.02466189
600058,2019-06-03,-0.11703239
600058,2019-05-06,0.22066327
600058,2019-04-01,-0.05199516
600058,2019-03-01,0.0350438
600058,2019-02-01,0.24648986
600058,2019-01-02,-0.01536098
600060,2019-06-03,0.0486618
600060,2019-05-06,-0.12923729
600060,2019-04-01,-0.1026616
600060,2019-03-01,0.08902692
600060,2019-02-01,0.16807739
600060,2019-01-02,-0.04723502
600062,2019-06-03,-0.01867704
600062,2019-05-06,-0.09887798
600062,2019-04-01,0.03408267
600062,2019-03-01,0.04628225
600062,2019-02-01,0.2125115
600062,2019-01-02,-0.10090984
600064,2019-06-03,-0.02547771
600064,2019-05-06,-0.03596491
600064,2019-04-01,-0.00610288
600064,2019-03-01,0.28587444
600064,2019-02-01,0.20377868
600064,2019-01-02,-0.05964467
600073,2019-06-03,-0.03966597
600073,2019-05-06,-0.1046729
600073,2019-04-01,0.20089787
600073,2019-03-01,0.0300578
600073,2019-02-01,0.23748212
600073,2019-01-02,-0.06174497
600079,2019-06-03,0.04166667
600079,2019-05-06,-0.14212766
600079,2019-04-01,0.02889667
600079,2019-03-01,0.04102097
600079,2019-02-01,0.17577706
600079,2019-01-02,-0.07988166
600094,2019-06-03,-0.12517385
600094,2019-05-06,0.07957958
600094,2019-04-01,-0.07628294
600094,2019-03-01,0.58114035
600094,2019-02-01,0.31791908
600094,2019-01-02,-0.05205479
600098,2019-06-03,0.00818331
600098,2019-05-06,-0.00972447
600098,2019-04-01,-0.03894081
600098,2019-03-01,0.03215434
600098,2019-02-01,0.14548803
600098,2019-01-02,-0.04063604
600120,2019-06-03,-0.24031008
600120,2019-05-06,0.01390568
600120,2019-04-01,-0.07597765
600120,2019-03-01,0.11944966
600120,2019-02-01,0.26804124
600120,2019-01-02,0.00398089
600125,2019-06-03,-0.08119658
600125,2019-05-06,-0.1225
600125,2019-04-01,-0.07407407
600125,2019-03-01,0.07596513
600125,2019-02-01,0.13900709
600125,2019-01-02,0.00714286
600126,2019-06-03,-0.11798839
600126,2019-05-06,-0.00576923
600126,2019-04-01,0.01167315
600126,2019-03-01,0.02390438
600126,2019-02-01,0.10087719
600126,2019-01-02,0.01108647
600138,2019-06-03,0.00475059
600138,2019-05-06,-0.11678322
600138,2019-04-01,-0.14982164
600138,2019-03-01,0.11464546
600138,2019-02-01,0.17158385
600138,2019-01-02,-0.0007758
600141,2019-06-03,-0.02188392
600141,2019-05-06,-0.07482394
600141,2019-04-01,0.0355515
600141,2019-03-01,-0.01260126
600141,2019-02-01,0.15010352
600141,2019-01-02,-0.06122449
600143,2019-06-03,0.01449275
600143,2019-05-06,-0.07115385
600143,2019-04-01,-0.05626134
600143,2019-03-01,0.0455408
600143,2019-02-01,0.15065502
600143,2019-01-02,-0.07474747
600151,2019-06-03,-0.08199643
600151,2019-05-06,-0.02772964
600151,2019-04-01,-0.11367127
600151,2019-03-01,0.2122905
600151,2019-02-01,0.36989796
600151,2019-01-02,-0.01010101
600155,2019-06-03,-0.0528914
600155,2019-05-06,0.07261725
600155,2019-04-01,0.04423381
600155,2019-03-01,0.31327801
600155,2019-02-01,0.34636872
600155,2019-01-02,-0.04913679
600158,2019-06-03,-0.08251121
600158,2019-05-06,0.03240741
600158,2019-04-01,-0.11111111
600158,2019-03-01,0.19117647
600158,2019-02-01,0.22743682
600158,2019-01-02,-0.06524184
600160,2019-06-03,-0.0083682
600160,2019-05-06,-0.11042184
600160,2019-04-01,-0.0649652
600160,2019-03-01,0.10371319
600160,2019-02-01,0.09845288
600160,2019-01-02,0.07239819
600161,2019-06-03,-0.0535982
600161,2019-05-06,0.05873016
600161,2019-04-01,0.00398406
600161,2019-03-01,0.10523998
600161,2019-02-01,0.1440806
600161,2019-01-02,-0.06588235
600166,2019-06-03,0.01716738
600166,2019-05-06,-0.133829
600166,2019-04-01,0.14957265
600166,2019-03-01,0.10900474
600166,2019-02-01,0.23391813
600166,2019-01-02,-0.06043956
600167,2019-06-03,0.12076271
600167,2019-05-06,-0.30125833
600167,2019-04-01,-0.00221566
600167,2019-03-01,0.06112853
600167,2019-02-01,0.26587302
600167,2019-01-02,0.11504425
600169,2019-06-03,0.0
600169,2019-05-06,-0.04301075
600169,2019-04-01,-0.0730897
600169,2019-03-01,0.06737589
600169,2019-02-01,0.24229075
600169,2019-01-02,0.01793722
600171,2019-06-03,0.10619469
600171,2019-05-06,0.08814815
600171,2019-04-01,-0.1147541
600171,2019-03-01,0.29456706
600171,2019-02-01,0.25053079
600171,2019-01-02,0.00856531
600179,2019-06-03,-0.36717063
600179,2019-05-06,-0.39159001
600179,2019-04-01,0.03116531
600179,2019-03-01,0.05579399
600179,2019-02-01,0.18474576
600179,2019-01-02,-0.11278195
600183,2019-06-03,0.06435644
600183,2019-05-06,0.06556142
600183,2019-04-01,0.00226586
600183,2019-03-01,0.13162393
600183,2019-02-01,0.15044248
600183,2019-01-02,0.01093439
600195,2019-06-03,0.07364341
600195,2019-05-06,0.05651106
600195,2019-04-01,-0.075
600195,2019-03-01,0.08731466
600195,2019-02-01,0.16506718
600195,2019-01-02,-0.02067669
600201,2019-06-03,0.06228842
600201,2019-05-06,-0.08146766
600201,2019-04-01,-0.09561305
600201,2019-03-01,0.14120668
600201,2019-02-01,0.09641098
600201,2019-01-02,-0.1439759
600216,2019-06-03,-0.03213611
600216,2019-05-06,0.02025072
600216,2019-04-01,-0.02993452
600216,2019-03-01,0.06051587
600216,2019-02-01,0.19572954
600216,2019-01-02,-0.02880184
600258,2019-06-03,0.0877193
600258,2019-05-06,-0.1837037
600258,2019-04-01,-0.07870792
600258,2019-03-01,0.12429668
600258,2019-02-01,0.30507343
600258,2019-01-02,-0.06140351
600259,2019-06-03,0.00926622
600259,2019-05-06,0.21183612
600259,2019-04-01,-0.04575731
600259,2019-03-01,0.34988272
600259,2019-02-01,0.27137177
600259,2019-01-02,-0.10017889
600260,2019-06-03,0.15092166
600260,2019-05-06,-0.17096466
600260,2019-04-01,-0.07671958
600260,2019-03-01,0.07234043
600260,2019-02-01,0.2544484
600260,2019-01-02,-0.00648203
600266,2019-06-03,-0.17586912
600266,2019-05-06,-0.08768657
600266,2019-04-01,0.04585366
600266,2019-03-01,0.10691145
600266,2019-02-01,0.14462299
600266,2019-01-02,0.02146465
600267,2019-06-03,0.08108108
600267,2019-05-06,-0.19982699
600267,2019-04-01,0.0248227
600267,2019-03-01,0.06415094
600267,2019-02-01,0.34688691
600267,2019-01-02,-0.06197855
600277,2019-06-03,-0.04509804
600277,2019-05-06,-0.43333333
600277,2019-04-01,0.24137931
600277,2019-03-01,0.12752722
600277,2019-02-01,0.07345576
600277,2019-01-02,0.05830389
600280,2019-06-03,-0.03753351
600280,2019-05-06,-0.13457077
600280,2019-04-01,-0.03363229
600280,2019-03-01,-0.03671706
600280,2019-02-01,0.27197802
600280,2019-01-02,0.12
600282,2019-06-03,0.04166667
600282,2019-05-06,-0.13402062
600282,2019-04-01,0.01210654
600282,2019-03-01,0.02992519
600282,2019-02-01,0.13597734
600282,2019-01-02,0.03216374
600291,2019-06-03,-0.03269231
600291,2019-05-06,-0.12384162
600291,2019-04-01,-0.16467277
600291,2019-03-01,-0.00280702
600291,2019-02-01,0.28959276
600291,2019-01-02,0.07385811
600298,2019-06-03,0.08025956
600298,2019-05-06,0.04946237
600298,2019-04-01,0.03104213
600298,2019-03-01,-0.01885424
600298,2019-02-01,0.12847791
600298,2019-01-02,-0.03131193
600307,2019-06-03,0.0
600307,2019-05-06,-0.06451613
600307,2019-04-01,-0.08050847
600307,2019-03-01,0.00854701
600307,2019-02-01,0.1758794
600307,2019-01-02,0.04188482
600312,2019-06-03,0.01451187
600312,2019-05-06,-0.07221542
600312,2019-04-01,-0.02155689
600312,2019-03-01,-0.0923913
600312,2019-02-01,0.13861386
600312,2019-01-02,0.0
600315,2019-06-03,0.10382707
600315,2019-05-06,-0.06556291
600315,2019-04-01,-0.04400127
600315,2019-03-01,0.01969012
600315,2019-02-01,0.08969399
600315,2019-01-02,0.04139194
600316,2019-06-03,-0.10952085
600316,2019-05-06,0.06212822
600316,2019-04-01,-0.08358571
600316,2019-03-01,0.25742574
600316,2019-02-01,0.30257937
600316,2019-01-02,0.01921132
600317,2019-06-03,0.05343511
600317,2019-05-06,-0.0609319
600317,2019-04-01,-0.08223684
600317,2019-03-01,0.13432836
600317,2019-02-01,0.16521739
600317,2019-01-02,0.01769912
600325,2019-06-03,-0.03341584
600325,2019-05-06,-0.04716981
600325,2019-04-01,-0.0862069
600325,2019-03-01,0.25405405
600325,2019-02-01,0.0962963
600325,2019-01-02,0.08870968
600329,2019-06-03,-0.02190281
600329,2019-05-06,-0.07939509
600329,2019-04-01,-0.0068836
600329,2019-03-01,0.07900068
600329,2019-02-01,0.15342679
600329,2019-01-02,0.03215434
600335,2019-06-03,0.02215657
600335,2019-05-06,-0.11154856
600335,2019-04-01,0.00527704
600335,2019-03-01,0.001321
600335,2019-02-01,0.25956739
600335,2019-01-02,-0.03685897
600338,2019-06-03,-0.55018013
600338,2019-05-06,0.43979252
600338,2019-04-01,0.14607219
600338,2019-03-01,-0.02886598
600338,2019-02-01,0.31436314
600338,2019-01-02,-0.05043747
600348,2019-06-03,0.01573427
600348,2019-05-06,-0.08626198
600348,2019-04-01,0.02791461
600348,2019-03-01,0.03571429
600348,2019-02-01,0.15748031
600348,2019-01-02,0.00793651
600350,2019-06-03,0.00840336
600350,2019-05-06,-0.03252033
600350,2019-04-01,-0.02766798
600350,2019-03-01,0.03901437
600350,2019-02-01,0.14319249
600350,2019-01-02,-0.06578947
600373,2019-06-03,-0.06686478
600373,2019-05-06,-0.04943503
600373,2019-04-01,-0.06780777
600373,2019-03-01,0.08267997
600373,2019-02-01,0.10039216
600373,2019-01-02,-0.01998463
600376,2019-06-03,-0.0110742
600376,2019-05-06,-0.00110619
600376,2019-04-01,-0.05340314
600376,2019-03-01,0.19077307
600376,2019-02-01,0.10164835
600376,2019-01-02,0.01251739
600380,2019-06-03,0.06134969
600380,2019-05-06,-0.0696347
600380,2019-04-01,-0.00792752
600380,2019-03-01,0.08743842
600380,2019-02-01,0.28481013
600380,2019-01-02,-0.05247376
600388,2019-06-03,0.01391162
600388,2019-05-06,0.04444444
600388,2019-04-01,-0.0736342
600388,2019-03-01,0.00079239
600388,2019-02-01,0.14001807
600388,2019-01-02,0.09064039
600392,2019-06-03,-0.10517799
600392,2019-05-06,0.21893491
600392,2019-04-01,-0.14067797
600392,2019-03-01,0.15459883
600392,2019-02-01,0.22102748
600392,2019-01-02,-0.02787456
600393,2019-06-03,0.07638889
600393,2019-05-06,0.0964467
600393,2019-04-01,0.39222615
600393,2019-03-01,-0.04713805
600393,2019-02-01,0.43478261
600393,2019-01-02,-0.02358491
600409,2019-06-03,-0.03082192
600409,2019-05-06,-0.11515152
600409,2019-04-01,-0.05848787
600409,2019-03-01,0.03851852
600409,2019-02-01,0.20106762
600409,2019-01-02,-0.01748252
600410,2019-06-03,-0.02454545
600410,2019-05-06,0.05465005
600410,2019-04-01,0.14994487
600410,2019-03-01,0.29386591
600410,2019-02-01,0.28388278
600410,2019-01-02,-0.06825939
600416,2019-06-03,-0.13629842
600416,2019-05-06,0.06574924
600416,2019-04-01,-0.10410959
600416,2019-03-01,0.0518732
600416,2019-02-01,0.30943396
600416,2019-01-02,0.02713178
600418,2019-06-03,-0.00769231
600418,2019-05-06,-0.12310287
600418,2019-04-01,0.16732283
600418,2019-03-01,-0.03787879
600418,2019-02-01,0.21939954
600418,2019-01-02,-0.0997921
600426,2019-06-03,0.03843466
600426,2019-05-06,-0.07138222
600426,2019-04-01,0.00784827
600426,2019-03-01,0.07600281
600426,2019-02-01,0.15153971
600426,2019-01-02,0.02236951
600428,2019-06-03,0.01092896
600428,2019-05-06,-0.08270677
600428,2019-04-01,-0.05225653
600428,2019-03-01,0.08226221
600428,2019-02-01,0.19325153
600428,2019-01-02,0.00307692
600435,2019-06-03,-0.02810811
600435,2019-05-06,0.00216685
600435,2019-04-01,-0.11674641
600435,2019-03-01,0.12124464
600435,2019-02-01,0.25437416
600435,2019-01-02,0.00269906
600458,2019-06-03,0.13925439
600458,2019-05-06,-0.12307692
600458,2019-04-01,0.14035088
600458,2019-03-01,0.04948216
600458,2019-02-01,0.26861314
600458,2019-01-02,0.01032448
600460,2019-06-03,-0.03206997
600460,2019-05-06,0.17788462
600460,2019-04-01,-0.11273614
600460,2019-03-01,0.45866667
600460,2019-02-01,0.14097363
600460,2019-01-02,0.21428571
600466,2019-06-03,0.05067568
600466,2019-05-06,-0.14942529
600466,2019-04-01,-0.05691057
600466,2019-03-01,0.1884058
600466,2019-02-01,0.11891892
600466,2019-01-02,0.03159851
600478,2019-06-03,-0.02951389
600478,2019-05-06,-0.07246377
600478,2019-04-01,0.07068966
600478,2019-03-01,0.11753372
600478,2019-02-01,0.25060241
600478,2019-01-02,0.06410256
600486,2019-06-03,0.094
600486,2019-05-06,-0.11079495
600486,2019-04-01,0.0160824
600486,2019-03-01,0.18882922
600486,2019-02-01,0.16084788
600486,2019-01-02,0.06479023
600497,2019-06-03,0.00395257
600497,2019-05-06,0.012
600497,2019-04-01,-0.02534113
600497,2019-03-01,-0.03389831
600497,2019-02-01,0.2826087
600497,2019-01-02,0.0097561
600499,2019-06-03,-0.02449889
600499,2019-05-06,-0.10557769
600499,2019-04-01,-0.06864564
600499,2019-03-01,0.00559701
600499,2019-02-01,0.36734694
600499,2019-01-02,-0.02970297
600500,2019-06-03,0.05063291
600500,2019-05-06,-0.1
600500,2019-04-01,-0.00503778
600500,2019-03-01,0.02849741
600500,2019-02-01,0.13864307
600500,2019-01-02,-0.00877193
600507,2019-06-03,0.07354555
600507,2019-05-06,-0.36692147
600507,2019-04-01,0.0
600507,2019-03-01,0.00770308
600507,2019-02-01,0.31612903
600507,2019-01-02,0.08608609
600511,2019-06-03,0.01727192
600511,2019-05-06,-0.09061619
600511,2019-04-01,-0.06513554
600511,2019-03-01,0.07053607
600511,2019-02-01,0.09102902
600511,2019-01-02,-0.02193548
600515,2019-06-03,0.08791209
600515,2019-05-06,-0.21955403
600515,2019-04-01,-0.01186441
600515,2019-03-01,0.04424779
600515,2019-02-01,0.29587156
600515,2019-01-02,-0.07430998
600521,2019-06-03,0.01438849
600521,2019-05-06,-0.07147629
600521,2019-04-01,-0.03419355
600521,2019-03-01,0.1464497
600521,2019-02-01,0.3151751
600521,2019-01-02,-0.07052441
600525,2019-06-03,0.00158479
600525,2019-05-06,0.08047945
600525,2019-04-01,-0.1257485
600525,2019-03-01,-0.02481752
600525,2019-02-01,0.60798122
600525,2019-01-02,-0.02739726
600528,2019-06-03,0.11036468
600528,2019-05-06,-0.10787671
600528,2019-04-01,-0.02990033
600528,2019-03-01,0.00584795
600528,2019-02-01,0.11348837
600528,2019-01-02,0.02380952
600536,2019-06-03,-0.06806737
600536,2019-05-06,0.16343434
600536,2019-04-01,-0.10810811
600536,2019-03-01,0.91842378
600536,2019-02-01,0.40641711
600536,2019-01-02,-0.01720019
600545,2019-06-03,-0.0260274
600545,2019-05-06,-0.05317769
600545,2019-04-01,-0.07220217
600545,2019-03-01,0.06402049
600545,2019-02-01,0.07872928
600545,2019-01-02,-0.02162162
600549,2019-06-03,-0.06592689
600549,2019-05-06,0.14584892
600549,2019-04-01,-0.11339523
600549,2019-03-01,0.05602241
600549,2019-02-01,0.21222411
600549,2019-01-02,-0.02483444
600557,2019-06-03,0.02695232
600557,2019-05-06,0.08796992
600557,2019-04-01,-0.0029985
600557,2019-03-01,0.09165303
600557,2019-02-01,0.08815672
600557,2019-01-02,0.09241245
600563,2019-06-03,-0.02232249
600563,2019-05-06,-0.01497076
600563,2019-04-01,-0.07226562
600563,2019-03-01,-0.03899896
600563,2019-02-01,0.06555556
600563,2019-01-02,0.06786901
600565,2019-06-03,-0.0556962
600565,2019-05-06,-0.11036036
600565,2019-04-01,0.11838791
600565,2019-03-01,0.15406977
600565,2019-02-01,0.26470588
600565,2019-01-02,0.04615385
600567,2019-06-03,-0.00295858
600567,2019-05-06,-0.05849582
600567,2019-04-01,-0.09343434
600567,2019-03-01,0.06738544
600567,2019-02-01,0.13455657
600567,2019-01-02,0.04807692
600572,2019-06-03,0.00156495
600572,2019-05-06,-0.21595092
600572,2019-04-01,-0.20254403
600572,2019-03-01,0.25091799
600572,2019-02-01,0.40862069
600572,2019-01-02,-0.02192243
600575,2019-06-03,0.01034483
600575,2019-05-06,0.05454545
600575,2019-04-01,-0.01433692
600575,2019-03-01,0.07722008
600575,2019-02-01,0.22169811
600575,2019-01-02,-0.00469484
600580,2019-06-03,-0.10341151
600580,2019-05-06,-0.04577823
600580,2019-04-01,0.02289282
600580,2019-03-01,0.29166667
600580,2019-02-01,0.15707621
600580,2019-01-02,0.02063492
600582,2019-06-03,0.0
600582,2019-05-06,-0.09685864
600582,2019-04-01,-0.01799486
600582,2019-03-01,0.01302083
600582,2019-02-01,0.13609467
600582,2019-01-02,-0.01169591
600584,2019-06-03,-0.13351315
600584,2019-05-06,0.21160131
600584,2019-04-01,-0.13253012
600584,2019-03-01,0.03445748
600584,2019-02-01,0.53430821
600584,2019-01-02,0.0788835
600597,2019-06-03,0.0346487
600597,2019-05-06,-0.01047619
600597,2019-04-01,0.05633803
600597,2019-03-01,0.0529661
600597,2019-02-01,0.14147521
600597,2019-01-02,-0.01076555
600598,2019-06-03,-0.0027881
600598,2019-05-06,0.13742072
600598,2019-04-01,-0.02373581
600598,2019-03-01,0.05097614
600598,2019-02-01,0.13686806
600598,2019-01-02,-0.05257009
600611,2019-06-03,0.0
600611,2019-05-06,-0.01898734
600611,2019-04-01,-0.03853955
600611,2019-03-01,0.09312639
600611,2019-02-01,0.15345269
600611,2019-01-02,-0.02005013
600623,2019-06-03,-0.02051282
600623,2019-05-06,-0.12457912
600623,2019-04-01,-0.05414013
600623,2019-03-01,0.05369128
600623,2019-02-01,0.1640625
600623,2019-01-02,-0.04950495
600633,2019-06-03,-0.0168244
600633,2019-05-06,-0.049
600633,2019-04-01,-0.0281827
600633,2019-03-01,-0.05248619
600633,2019-02-01,0.43650794
600633,2019-01-02,-0.07239264
600639,2019-06-03,0.12918994
600639,2019-05-06,-0.07193778
600639,2019-04-01,0.01646904
600639,2019-03-01,0.14393369
600639,2019-02-01,0.17433628
600639,2019-01-02,0.0035524
600640,2019-06-03,-0.02761628
600640,2019-05-06,-0.16454159
600640,2019-04-01,0.12653899
600640,2019-03-01,0.20329218
600640,2019-02-01,0.26168224
600640,2019-01-02,-0.01834862
600642,2019-06-03,0.0152027
600642,2019-05-06,0.05714286
600642,2019-04-01,-0.00355872
600642,2019-03-01,0.02554745
600642,2019-02-01,0.08514851
600642,2019-01-02,0.03483607
600643,2019-06-03,-0.00725389
600643,2019-05-06,-0.12112933
600643,2019-04-01,-0.06153846
600643,2019-03-01,-0.01265823
600643,2019-02-01,0.42771084
600643,2019-01-02,-0.02237927
600645,2019-06-03,-0.03350084
600645,2019-05-06,-0.1045
600645,2019-04-01,-0.06976744
600645,2019-03-01,0.05963529
600645,2019-02-01,0.27449749
600645,2019-01-02,-0.01970443
600648,2019-06-03,-0.02327747
600648,2019-05-06,-0.04787234
600648,2019-04-01,0.2667041
600648,2019-03-01,0.15574302
600648,2019-02-01,0.1665405
600648,2019-01-02,-0.03857351
600649,2019-06-03,-0.04431315
600649,2019-05-06,-0.12982005
600649,2019-04-01,-0.02628285
600649,2019-03-01,0.26424051
600649,2019-02-01,0.19020716
600649,2019-01-02,-0.02925046
600657,2019-06-03,0.00980392
600657,2019-05-06,-0.13375796
600657,2019-04-01,-0.15742397
600657,2019-03-01,0.16945607
600657,2019-02-01,0.13809524
600657,2019-01-02,0.06870229
600664,2019-06-03,0.00485437
600664,2019-05-06,-0.13626834
600664,2019-04-01,-0.23557692
600664,2019-03-01,0.5
600664,2019-02-01,0.14917127
600664,2019-01-02,-0.0835443
600673,2019-06-03,-0.03562654
600673,2019-05-06,-0.10154525
600673,2019-04-01,-0.01735358
600673,2019-03-01,0.05733945
600673,2019-02-01,0.03195266
600673,2019-01-02,0.16071429
600694,2019-06-03,0.00179469
600694,2019-05-06,-0.05366848
600694,2019-04-01,-0.05215712
600694,2019-03-01,0.09020709
600694,2019-02-01,0.14832729
600694,2019-01-02,0.02563043
600699,2019-06-03,0.01232227
600699,2019-05-06,-0.20795796
600699,2019-04-01,-0.00075019
600699,2019-03-01,0.02577915
600699,2019-02-01,0.23409307
600699,2019-01-02,-0.0984589
600707,2019-06-03,0.01622718
600707,2019-05-06,-0.0750469
600707,2019-04-01,-0.15530903
600707,2019-03-01,0.0210356
600707,2019-02-01,0.47142857
600707,2019-01-02,0.01694915
600717,2019-06-03,-0.15526316
600717,2019-05-06,-0.07654921
600717,2019-04-01,-0.06689342
600717,2019-03-01,0.06650544
600717,2019-02-01,0.14068966
600717,2019-01-02,0.02545969
600718,2019-06-03,0.02478018
600718,2019-05-06,-0.08217168
600718,2019-04-01,-0.06962457
600718,2019-03-01,0.20974401
600718,2019-02-01,0.2257085
600718,2019-01-02,-0.14458874
600729,2019-06-03,0.0352619
600729,2019-05-06,-0.16303725
600729,2019-04-01,-0.06132329
600729,2019-03-01,0.20323625
600729,2019-02-01,0.12363636
600729,2019-01-02,-0.02826855
600737,2019-06-03,0.04452467
600737,2019-05-06,-0.12249208
600737,2019-04-01,0.05222222
600737,2019-03-01,0.09090909
600737,2019-02-01,0.19219653
600737,2019-01-02,-0.05978261
600739,2019-06-03,0.14488189
600739,2019-05-06,-0.10310734
600739,2019-04-01,-0.05410822
600739,2019-03-01,0.13495072
600739,2019-02-01,0.33097881
600739,2019-01-02,-0.05258126
600745,2019-06-03,-0.0759388
600745,2019-05-06,0.05116959
600745,2019-04-01,0.13734619
600745,2019-03-01,0.03725423
600745,2019-02-01,0.41139241
600745,2019-01-02,-0.02792239
600748,2019-06-03,-0.1872549
600748,2019-05-06,-0.00097943
600748,2019-04-01,0.12693157
600748,2019-03-01,0.25484765
600748,2019-02-01,0.29856115
600748,2019-01-02,0.0411985
600750,2019-06-03,-0.20476773
600750,2019-05-06,-0.07986502
600750,2019-04-01,-0.01659292
600750,2019-03-01,0.00444444
600750,2019-02-01,0.07206671
600750,2019-01-02,-0.00826934
600751,2019-06-03,-0.00625
600751,2019-05-06,-0.16883117
600751,2019-04-01,-0.05867971
600751,2019-03-01,0.15211268
600751,2019-02-01,0.47302905
600751,2019-01-02,-0.11070111
600754,2019-06-03,-0.00242915
600754,2019-05-06,-0.08416759
600754,2019-04-01,-0.02880807
600754,2019-03-01,0.10198413
600754,2019-02-01,0.17867166
600754,2019-01-02,0.00375587
600755,2019-06-03,0.04101327
600755,2019-05-06,-0.06115515
600755,2019-04-01,-0.03917301
600755,2019-03-01,0.14303483
600755,2019-02-01,0.16521739
600755,2019-01-02,-0.01146132
600757,2019-06-03,0.01490313
600757,2019-05-06,-0.07702889
600757,2019-04-01,0.0
600757,2019-03-01,0.01963534
600757,2019-02-01,0.10542636
600757,2019-01-02,-0.0107362
600759,2019-06-03,0.07222222
600759,2019-05-06,-0.1509434
600759,2019-04-01,0.24340176
600759,2019-03-01,0.08253968
600759,2019-02-01,0.27016129
600759,2019-01-02,0.05084746
600763,2019-06-03,0.09831391
600763,2019-05-06,0.04373706
600763,2019-04-01,0.09617021
600763,2019-03-01,0.19714722
600763,2019-02-01,0.14549699
600763,2019-01-02,0.08299979
600765,2019-06-03,0.00874317
600765,2019-05-06,-0.0576725
600765,2019-04-01,-0.11324201
600765,2019-03-01,0.10606061
600765,2019-02-01,0.20437956
600765,2019-01-02,0.10483871
600770,2019-06-03,-0.02052786
600770,2019-05-06,0.08253968
600770,2019-04-01,-0.12863071
600770,2019-03-01,0.19504132
600770,2019-02-01,0.28177966
600770,2019-01-02,0.00212314
600777,2019-06-03,-0.01886792
600777,2019-05-06,-0.12757202
600777,2019-04-01,-0.05078125
600777,2019-03-01,0.01587302
600777,2019-02-01,0.23529412
600777,2019-01-02,0.06806283
600779,2019-06-03,0.0815067
600779,2019-05-06,-0.06747371
600779,2019-04-01,0.12252172
600779,2019-03-01,0.08168675
600779,2019-02-01,0.40060749
600779,2019-01-02,-0.06441427
600782,2019-06-03,-0.01380671
600782,2019-05-06,-0.14646465
600782,2019-04-01,-0.02302632
600782,2019-03-01,0.00996678
600782,2019-02-01,0.10865562
600782,2019-01-02,0.06679764
600787,2019-06-03,0.01776199
600787,2019-05-06,-0.0992
600787,2019-04-01,-0.07680945
600787,2019-03-01,0.10440457
600787,2019-02-01,0.21386139
600787,2019-01-02,0.01
600801,2019-06-03,0.0963725
600801,2019-05-06,-0.0003701
600801,2019-04-01,0.17991266
600801,2019-03-01,0.20209974
600801,2019-02-01,0.05833333
600801,2019-01-02,0.07655502
600804,2019-06-03,-0.07045735
600804,2019-05-06,-0.14752371
600804,2019-04-01,-0.10387158
600804,2019-03-01,0.08950617
600804,2019-02-01,0.27894737
600804,2019-01-02,0.08108108
600808,2019-06-03,0.00294118
600808,2019-05-06,-0.02298851
600808,2019-04-01,-0.10539846
600808,2019-03-01,-0.01017812
600808,2019-02-01,0.08864266
600808,2019-01-02,0.0433526
600811,2019-06-03,0.00540541
600811,2019-05-06,-0.05852417
600811,2019-04-01,-0.06428571
600811,2019-03-01,0.02439024
600811,2019-02-01,0.12947658
600811,2019-01-02,-0.00819672
600820,2019-06-03,-0.0140625
600820,2019-05-06,-0.07246377
600820,2019-04-01,-0.0599455
600820,2019-03-01,0.01944444
600820,2019-02-01,0.11801242
600820,2019-01-02,0.02875399
600823,2019-06-03,0.01096491
600823,2019-05-06,-0.10059172
600823,2019-04-01,-0.03059273
600823,2019-03-01,0.19134396
600823,2019-02-01,0.12276215
600823,2019-01-02,0.03989362
600827,2019-06-03,0.04807692
600827,2019-05-06,-0.08504399
600827,2019-04-01,0.00589971
600827,2019-03-01,0.05061983
600827,2019-02-01,0.11264368
600827,2019-01-02,0.0295858
600835,2019-06-03,0.00484262
600835,2019-05-06,-0.02364066
600835,2019-04-01,-0.03808982
600835,2019-03-01,-0.03510697
600835,2019-02-01,0.10484848
600835,2019-01-02,0.13402062
600839,2019-06-03,-0.04220779
600839,2019-05-06,-0.04938272
600839,2019-04-01,-0.08988764
600839,2019-03-01,0.24475524
600839,2019-02-01,0.21702128
600839,2019-01-02,0.01731602
600845,2019-06-03,-0.0616145
600845,2019-05-06,-0.11850131
600845,2019-04-01,0.04841657
600845,2019-03-01,0.15066573
600845,2019-02-01,0.13253968
600845,2019-01-02,0.20863309
600848,2019-06-03,-0.0984651
600848,2019-05-06,-0.01959114
600848,2019-04-01,0.22675026
600848,2019-03-01,0.21088148
600848,2019-02-01,0.1962664
600848,2019-01-02,-0.04158607
600859,2019-06-03,0.00330251
600859,2019-05-06,-0.17493188
600859,2019-04-01,-0.0265252
600859,2019-03-01,0.19077701
600859,2019-02-01,0.10160056
600859,2019-01-02,0.05973451
600862,2019-06-03,-0.04361702
600862,2019-05-06,0.00966702
600862,2019-04-01,-0.04902962
600862,2019-03-01,0.21766169
600862,2019-02-01,0.19465082
600862,2019-01-02,0.20178571
600863,2019-06-03,0.07534247
600863,2019-05-06,-0.08176101
600863,2019-04-01,0.08532423
600863,2019-03-01,-0.01013514
600863,2019-02-01,0.27038627
600863,2019-01-02,0.00865801
600869,2019-06-03,-0.0173913
600869,2019-05-06,-0.10331384
600869,2019-04-01,-0.05524862
600869,2019-03-01,0.02259887
600869,2019-02-01,0.04117647
600869,2019-01-02,0.05154639
600872,2019-06-03,0.10586109
600872,2019-05-06,0.07434119
600872,2019-04-01,-0.01448879
600872,2019-03-01,0.10346908
600872,2019-02-01,0.07525138
600872,2019-01-02,0.04650373
600874,2019-06-03,0.04936709
600874,2019-05-06,-0.07494145
600874,2019-04-01,-0.16601563
600874,2019-03-01,0.09401709
600874,2019-02-01,0.2513369
600874,2019-01-02,-0.09333333
600875,2019-06-03,0.03106796
600875,2019-05-06,-0.13879599
600875,2019-04-01,0.12723845
600875,2019-03-01,0.07606491
600875,2019-02-01,0.06479482
600875,2019-01-02,0.17363752
600879,2019-06-03,-0.0144
600879,2019-05-06,-0.02037618
600879,2019-04-01,-0.11265647
600879,2019-03-01,0.08939394
600879,2019-02-01,0.16607774
600879,2019-01-02,0.04621072
600881,2019-06-03,0.015625
600881,2019-05-06,-0.11111111
600881,2019-04-01,-0.06976744
600881,2019-03-01,0.00259067
600881,2019-02-01,0.25732899
600881,2019-01-02,-0.07250755
600884,2019-06-03,-0.09129693
600884,2019-05-06,-0.08793774
600884,2019-04-01,-0.13873995
600884,2019-03-01,-0.01518152
600884,2019-02-01,0.17350891
600884,2019-01-02,-0.00077399
600885,2019-06-03,0.03668942
600885,2019-05-06,-0.05292929
600885,2019-04-01,-0.09704487
600885,2019-03-01,0.07112153
600885,2019-02-01,0.01507338
600885,2019-01-02,0.11746454
600895,2019-06-03,0.02651326
600895,2019-05-06,-0.01235178
600895,2019-04-01,-0.10876266
600895,2019-03-01,0.20286017
600895,2019-02-01,0.36811594
600895,2019-01-02,-0.07692308
600901,2019-06-03,-0.0097561
600901,2019-05-06,-0.08888889
600901,2019-04-01,-0.06639004
600901,2019-03-01,-0.05490196
600901,2019-02-01,0.38086643
600901,2019-01-02,-0.06260575
600903,2019-06-03,-0.04890511
600903,2019-05-06,-0.27513228
600903,2019-04-01,-0.11142454
600903,2019-03-01,0.00094118
600903,2019-02-01,0.14370291
600903,2019-01-02,-0.11943128
600908,2019-06-03,0.00534759
600908,2019-05-06,-0.12480499
600908,2019-04-01,-0.01687117
600908,2019-03-01,-0.00761035
600908,2019-02-01,0.20550459
600908,2019-01-02,0.04007634
600909,2019-06-03,0.06168831
600909,2019-05-06,-0.07646177
600909,2019-04-01,-0.06713287
600909,2019-03-01,0.12244898
600909,2019-02-01,0.30800821
600909,2019-01-02,0.03177966
600917,2019-06-03,-0.01416431
600917,2019-05-06,-0.08667529
600917,2019-04-01,0.05170068
600917,2019-03-01,0.00409836
600917,2019-02-01,0.1040724
600917,2019-01-02,-0.06882022
600939,2019-06-03,-0.01212121
600939,2019-05-06,-0.07303371
600939,2019-04-01,-0.06806283
600939,2019-03-01,0.09142857
600939,2019-02-01,0.171875
600939,2019-01-02,-0.02819957
600959,2019-06-03,0.01366743
600959,2019-05-06,-0.12896825
600959,2019-04-01,-0.08529946
600959,2019-03-01,0.11764706
600959,2019-02-01,0.2325
600959,2019-01-02,-0.02912621
600967,2019-06-03,0.04380242
600967,2019-05-06,-0.04025045
600967,2019-04-01,-0.07296849
600967,2019-03-01,0.04145078
600967,2019-02-01,0.21256545
600967,2019-01-02,-0.08173077
600970,2019-06-03,-0.02130898
600970,2019-05-06,-0.09628611
600970,2019-04-01,-0.05461638
600970,2019-03-01,0.13088235
600970,2019-02-01,0.21645796
600970,2019-01-02,0.02193784
600971,2019-06-03,0.02094241
600971,2019-05-06,-0.27468354
600971,2019-04-01,0.01673102
600971,2019-03-01,0.17018072
600971,2019-02-01,0.1507799
600971,2019-01-02,0.02486679
600978,2019-06-03,0.0080429
600978,2019-05-06,-0.13856813
600978,2019-04-01,-0.07081545
600978,2019-03-01,0.01969365
600978,2019-02-01,0.30571429
600978,2019-01-02,-0.14634146
600985,2019-06-03,0.03184713
600985,2019-05-06,-0.15200617
600985,2019-04-01,0.10016978
600985,2019-03-01,-0.03836735
600985,2019-02-01,0.30597015
600985,2019-01-02,0.00860215
600993,2019-06-03,0.0225956
600993,2019-05-06,-0.00231214
600993,2019-04-01,0.07453416
600993,2019-03-01,0.05091384
600993,2019-02-01,0.1579743
600993,2019-01-02,-0.01415797
600996,2019-06-03,0.08450704
600996,2019-05-06,0.08515284
600996,2019-04-01,-0.10634146
600996,2019-03-01,0.2654321
600996,2019-02-01,0.26959248
600996,2019-01-02,0.00314465
601000,2019-06-03,0.00732601
601000,2019-05-06,-0.08389262
601000,2019-04-01,-0.08024691
601000,2019-03-01,0.12110727
601000,2019-02-01,0.18442623
601000,2019-01-02,0.02521008
601001,2019-06-03,-0.00652174
601001,2019-05-06,-0.08366534
601001,2019-04-01,0.00601202
601001,2019-03-01,0.04612159
601001,2019-02-01,0.14114833
601001,2019-01-02,-0.02107728
601003,2019-06-03,-0.02195946
601003,2019-05-06,-0.13450292
601003,2019-04-01,-0.12977099
601003,2019-03-01,-0.01872659
601003,2019-02-01,0.13940256
601003,2019-01-02,0.07001522
601005,2019-06-03,0.03608247
601005,2019-05-06,-0.05365854
601005,2019-04-01,-0.06392694
601005,2019-03-01,-0.00454545
601005,2019-02-01,0.10552764
601005,2019-01-02,0.0257732
601016,2019-06-03,-0.04659498
601016,2019-05-06,-0.02787456
601016,2019-04-01,-0.09748428
601016,2019-03-01,0.09655172
601016,2019-02-01,0.21848739
601016,2019-01-02,0.02586207
601019,2019-06-03,0.001287
601019,2019-05-06,-0.06045949
601019,2019-04-01,-0.04282407
601019,2019-03-01,-0.01818182
601019,2019-02-01,0.09862672
601019,2019-01-02,0.02429668
601068,2019-06-03,-0.06882591
601068,2019-05-06,0.15241058
601068,2019-04-01,-0.13806971
601068,2019-03-01,0.165625
601068,2019-02-01,0.2749004
601068,2019-01-02,-0.03646833
601098,2019-06-03,-0.0269438
601098,2019-05-06,0.04003203
601098,2019-04-01,-0.02952603
601098,2019-03-01,-0.04807692
601098,2019-02-01,0.02657555
601098,2019-01-02,0.0536
601100,2019-06-03,0.0387289
601100,2019-05-06,0.0522466
601100,2019-04-01,-0.11797235
601100,2019-03-01,0.17636429
601100,2019-02-01,0.18349016
601100,2019-01-02,0.18021201
601106,2019-06-03,0.00641026
601106,2019-05-06,-0.0982659
601106,2019-04-01,-0.11508951
601106,2019-03-01,0.0952381
601106,2019-02-01,0.31734317
601106,2019-01-02,0.01498127
601118,2019-06-03,-0.00193798
601118,2019-05-06,-0.00578035
601118,2019-04-01,-0.06822262
601118,2019-03-01,0.04896422
601118,2019-02-01,0.18526786
601118,2019-01-02,-0.00222717
601127,2019-06-03,0.06590724
601127,2019-05-06,-0.16734417
601127,2019-04-01,-0.1
601127,2019-03-01,-0.01323706
601127,2019-02-01,0.02466091
601127,2019-01-02,-0.05367561
601128,2019-06-03,0.06629834
601128,2019-05-06,-0.1127451
601128,2019-04-01,0.088
601128,2019-03-01,-0.01960784
601128,2019-02-01,0.17692308
601128,2019-01-02,0.05863192
601139,2019-06-03,0.02707581
601139,2019-05-06,-0.05782313
601139,2019-04-01,-0.04078303
601139,2019-03-01,0.0302521
601139,2019-02-01,0.05309735
601139,2019-01-02,0.05214153
601168,2019-06-03,0.05629139
601168,2019-05-06,0.00332226
601168,2019-04-01,-0.06811146
601168,2019-03-01,0.01095462
601168,2019-02-01,0.18114603
601168,2019-01-02,-0.07044674
601179,2019-06-03,-0.00269542
601179,2019-05-06,-0.07481297
601179,2019-04-01,-0.04976303
601179,2019-03-01,0.01932367
601179,2019-02-01,0.13736264
601179,2019-01-02,0.08333333
601200,2019-06-03,0.33693517
601200,2019-05-06,-0.09911504
601200,2019-04-01,-0.05863607
601200,2019-03-01,0.06228842
601200,2019-02-01,0.13966049
601200,2019-01-02,-0.02336096
601231,2019-06-03,-0.01632653
601231,2019-05-06,-0.07477341
601231,2019-04-01,-0.14025974
601231,2019-03-01,0.19937695
601231,2019-02-01,0.34029228
601231,2019-01-02,0.06444444
601311,2019-06-03,-0.09733777
601311,2019-05-06,-0.04070231
601311,2019-04-01,-0.07253886
601311,2019-03-01,0.37997957
601311,2019-02-01,0.20864198
601311,2019-01-02,-0.08267271
601326,2019-06-03,0.02832861
601326,2019-05-06,-0.10858586
601326,2019-04-01,-0.10609481
601326,2019-03-01,0.26571429
601326,2019-02-01,0.18644068
601326,2019-01-02,-0.06050955
601333,2019-06-03,0.02539683
601333,2019-05-06,-0.07894737
601333,2019-04-01,-0.03932584
601333,2019-03-01,-0.07532468
601333,2019-02-01,0.1
601333,2019-01-02,0.10759494
601608,2019-06-03,0.07462687
601608,2019-05-06,-0.07373272
601608,2019-04-01,-0.14901961
601608,2019-03-01,0.30102041
601608,2019-02-01,0.44649446
601608,2019-01-02,0.04230769
601611,2019-06-03,0.00777202
601611,2019-05-06,-0.13160855
601611,2019-04-01,-0.01331853
601611,2019-03-01,0.13476071
601611,2019-02-01,0.16764706
601611,2019-01-02,0.04134763
601615,2019-06-03,-0.06147186
601615,2019-05-06,-0.02695872
601615,2019-04-01,-0.11681548
601615,2019-03-01,0.13609467
601615,2019-02-01,0.20591233
601615,2019-01-02,1.06526316
601678,2019-06-03,0.03522205
601678,2019-05-06,-0.05635838
601678,2019-04-01,0.01021898
601678,2019-03-01,0.3484252
601678,2019-02-01,0.20952381
601678,2019-01-02,-0.00473934
601689,2019-06-03,0.01997337
601689,2019-05-06,-0.17153889
601689,2019-04-01,-0.10114031
601689,2019-03-01,0.14863326
601689,2019-02-01,0.24011299
601689,2019-01-02,-0.04194858
601699,2019-06-03,0.02983139
601699,2019-05-06,-0.06545455
601699,2019-04-01,0.05363985
601699,2019-03-01,-0.04161567
601699,2019-02-01,0.17893218
601699,2019-01-02,0.04054054
601717,2019-06-03,0.01964286
601717,2019-05-06,-0.09385113
601717,2019-04-01,-0.01904762
601717,2019-03-01,0.03448276
601717,2019-02-01,0.11743119
601717,2019-01-02,-0.01446655
601718,2019-06-03,0.0596206
601718,2019-05-06,-0.11510791
601718,2019-04-01,-0.13842975
601718,2019-03-01,0.18918919
601718,2019-02-01,0.22222222
601718,2019-01-02,-0.00597015
601777,2019-06-03,-0.142
601777,2019-05-06,-0.28977273
601777,2019-04-01,0.46058091
601777,2019-03-01,0.05701754
601777,2019-02-01,0.21925134
601777,2019-01-02,-0.0183727
601801,2019-06-03,-0.00988468
601801,2019-05-06,-0.10074074
601801,2019-04-01,-0.15730337
601801,2019-03-01,0.04569191
601801,2019-02-01,0.14842579
601801,2019-01-02,-0.00149701
601811,2019-06-03,-0.11904762
601811,2019-05-06,0.03201787
601811,2019-04-01,-0.07950651
601811,2019-03-01,0.19296811
601811,2019-02-01,0.17596154
601811,2019-01-02,0.11707841
601866,2019-06-03,-0.04561404
601866,2019-05-06,-0.09810127
601866,2019-04-01,0.02931596
601866,2019-03-01,0.02675585
601866,2019-02-01,0.2887931
601866,2019-01-02,0.01754386
601869,2019-06-03,-0.01652242
601869,2019-05-06,-0.01396431
601869,2019-04-01,-0.15733275
601869,2019-03-01,-0.01269363
601869,2019-02-01,0.21262718
601869,2019-01-02,-0.0362082
601872,2019-06-03,0.09
601872,2019-05-06,-0.17695473
601872,2019-04-01,-0.00409836
601872,2019-03-01,0.05856833
601872,2019-02-01,0.11084337
601872,2019-01-02,0.12466125
601880,2019-06-03,0.02898551
601880,2019-05-06,-0.06756757
601880,2019-04-01,-0.10843373
601880,2019-03-01,0.0969163
601880,2019-02-01,0.20744681
601880,2019-01-02,0.01621622
601928,2019-06-03,-0.00493218
601928,2019-05-06,-0.0157767
601928,2019-04-01,-0.03738318
601928,2019-03-01,0.0313253
601928,2019-02-01,0.06410256
601928,2019-01-02,-0.01763224
601958,2019-06-03,0.0075188
601958,2019-05-06,0.0
601958,2019-04-01,-0.03901734
601958,2019-03-01,0.01021898
601958,2019-02-01,0.12479475
601958,2019-01-02,0.02871622
601966,2019-06-03,0.01674641
601966,2019-05-06,-0.02677532
601966,2019-04-01,-0.03428893
601966,2019-03-01,0.11118051
601966,2019-02-01,0.10566298
601966,2019-01-02,0.06080586
601969,2019-06-03,0.06909091
601969,2019-05-06,0.01476015
601969,2019-04-01,0.01498127
601969,2019-03-01,0.01136364
601969,2019-02-01,0.23076923
601969,2019-01-02,-0.04241071
603000,2019-06-03,-0.05611435
603000,2019-05-06,-0.11272898
603000,2019-04-01,-0.15515873
603000,2019-03-01,0.44329897
603000,2019-02-01,0.90611354
603000,2019-01-02,0.25479452
603025,2019-06-03,0.00490677
603025,2019-05-06,-0.08855098
603025,2019-04-01,-0.04034335
603025,2019-03-01,0.02552817
603025,2019-02-01,0.11481845
603025,2019-01-02,-0.08609865
603056,2019-06-03,-0.04087193
603056,2019-05-06,-0.10814095
603056,2019-04-01,-0.12539851
603056,2019-03-01,0.03520352
603056,2019-02-01,0.22177419
603056,2019-01-02,-0.10090634
603077,2019-06-03,0.02150538
603077,2019-05-06,-0.02105263
603077,2019-04-01,-0.03553299
603077,2019-03-01,0.0
603077,2019-02-01,0.23125
603077,2019-01-02,-0.01234568
603198,2019-06-03,0.04309843
603198,2019-05-06,-0.04345404
603198,2019-04-01,-0.01265127
603198,2019-03-01,0.11876923
603198,2019-02-01,0.12301313
603198,2019-01-02,0.02551382
603225,2019-06-03,-0.00478088
603225,2019-05-06,-0.0885984
603225,2019-04-01,-0.05360825
603225,2019-03-01,-0.21983914
603225,2019-02-01,0.1462815
603225,2019-01-02,-0.13226667
603228,2019-06-03,0.11077179
603228,2019-05-06,-0.40824708
603228,2019-04-01,-0.06497696
603228,2019-03-01,0.00509495
603228,2019-02-01,0.3161959
603228,2019-01-02,-0.01560312
603233,2019-06-03,-0.01918047
603233,2019-05-06,-0.04217119
603233,2019-04-01,-0.03232323
603233,2019-03-01,0.12833371
603233,2019-02-01,0.13918463
603233,2019-01-02,-0.03386854
603328,2019-06-03,0.01482213
603328,2019-05-06,-0.09803922
603328,2019-04-01,-0.0402053
603328,2019-03-01,0.05983681
603328,2019-02-01,0.0514776
603328,2019-01-02,0.05959596
603355,2019-06-03,0.01653283
603355,2019-05-06,-0.12880658
603355,2019-04-01,-0.07779886
603355,2019-03-01,0.08974359
603355,2019-02-01,0.14056604
603355,2019-01-02,-0.01395349
603369,2019-06-03,0.13929739
603369,2019-05-06,-0.06278714
603369,2019-04-01,-0.08989547
603369,2019-03-01,0.38113571
603369,2019-02-01,0.19631549
603369,2019-01-02,0.19875776
603377,2019-06-03,-0.09047619
603377,2019-05-06,-0.01811806
603377,2019-04-01,0.0
603377,2019-03-01,0.19316597
603377,2019-02-01,0.00914849
603377,2019-01-02,-0.02671233
603444,2019-06-03,0.02419512
603444,2019-05-06,-0.0969163
603444,2019-04-01,0.09964637
603444,2019-03-01,0.16469194
603444,2019-02-01,0.16612935
603444,2019-01-02,0.02695946
603486,2019-06-03,-0.29404901
603486,2019-05-06,-0.08635394
603486,2019-04-01,-0.23013789
603486,2019-03-01,0.08398577
603486,2019-02-01,0.20188195
603486,2019-01-02,0.01585922
603501,2019-06-03,0.30738095
603501,2019-05-06,-0.23357664
603501,2019-04-01,0.10953634
603501,2019-03-01,0.25259954
603501,2019-02-01,0.39427157
603501,2019-01-02,-0.03776795
603515,2019-06-03,-0.00982499
603515,2019-05-06,-0.05237125
603515,2019-04-01,-0.10680873
603515,2019-03-01,0.27840532
603515,2019-02-01,0.12439298
603515,2019-01-02,-0.03946896
603517,2019-06-03,0.13539539
603517,2019-05-06,0.04584589
603517,2019-04-01,-0.05607477
603517,2019-03-01,0.18688208
603517,2019-02-01,0.10380623
603517,2019-01-02,0.13470251
603556,2019-06-03,-0.03017544
603556,2019-05-06,-0.02196294
603556,2019-04-01,-0.06181584
603556,2019-03-01,-0.0006435
603556,2019-02-01,0.26341463
603556,2019-01-02,-0.05384615
603568,2019-06-03,0.10927835
603568,2019-05-06,-0.30165587
603568,2019-04-01,0.12016129
603568,2019-03-01,0.00323625
603568,2019-02-01,0.22315685
603568,2019-01-02,-0.11553611
603569,2019-06-03,0.00782609
603569,2019-05-06,-0.10852713
603569,2019-04-01,-0.07922912
603569,2019-03-01,0.13717532
603569,2019-02-01,0.18234165
603569,2019-01-02,-0.03069767
603650,2019-06-03,-0.08580996
603650,2019-05-06,0.15354901
603650,2019-04-01,-0.18847962
603650,2019-03-01,0.15162455
603650,2019-02-01,0.20697168
603650,2019-01-02,-0.07413011
603659,2019-06-03,0.02106406
603659,2019-05-06,-0.10023447
603659,2019-04-01,-0.05222222
603659,2019-03-01,0.08173077
603659,2019-02-01,0.08309829
603659,2019-01-02,-0.02763713
603712,2019-06-03,-0.0279304
603712,2019-05-06,0.11371749
603712,2019-04-01,0.05771305
603712,2019-03-01,-0.00429646
603712,2019-02-01,0.27446954
603712,2019-01-02,-0.17967434
603766,2019-06-03,0.00721154
603766,2019-05-06,-0.13333333
603766,2019-04-01,-0.0513834
603766,2019-03-01,0.01402806
603766,2019-02-01,0.12387387
603766,2019-01-02,0.08557457
603806,2019-06-03,0.05606671
603806,2019-05-06,-0.05179935
603806,2019-04-01,0.11151515
603806,2019-03-01,-0.00960384
603806,2019-02-01,0.11624791
603806,2019-01-02,0.11380597
603816,2019-06-03,0.03000968
603816,2019-05-06,-0.10648148
603816,2019-04-01,-0.15939086
603816,2019-03-01,0.10777882
603816,2019-02-01,0.10341262
603816,2019-01-02,0.07444444
603866,2019-06-03,0.03761834
603866,2019-05-06,0.0704
603866,2019-04-01,-0.34861907
603866,2019-03-01,0.09511128
603866,2019-02-01,0.05923836
603866,2019-01-02,0.0989814
603868,2019-06-03,0.04233227
603868,2019-05-06,-0.06567164
603868,2019-04-01,-0.08926144
603868,2019-03-01,0.04202077
603868,2019-02-01,0.14983713
603868,2019-01-02,-0.03509691
603877,2019-06-03,-0.04609711
603877,2019-05-06,-0.11958874
603877,2019-04-01,-0.08965517
603877,2019-03-01,0.0723719
603877,2019-02-01,0.14727273
603877,2019-01-02,-0.12187334
603883,2019-06-03,0.02740689
603883,2019-05-06,-0.01963486
603883,2019-04-01,-0.07665394
603883,2019-03-01,0.09318498
603883,2019-02-01,0.22565523
603883,2019-01-02,-0.00593095
603885,2019-06-03,0.05052125
603885,2019-05-06,-0.07009694
603885,2019-04-01,-0.09207854
603885,2019-03-01,0.09895833
603885,2019-02-01,0.1107438
603885,2019-01-02,-0.03431764
603888,2019-06-03,-0.03012634
603888,2019-05-06,-0.14285714
603888,2019-04-01,-0.01919935
603888,2019-03-01,0.20888889
603888,2019-02-01,0.4516129
603888,2019-01-02,0.0864486
603939,2019-06-03,0.11769403
603939,2019-05-06,0.04279767
603939,2019-04-01,0.03498794
603939,2019-03-01,0.04975574
603939,2019-02-01,0.26853339
603939,2019-01-02,0.04484412
